batch_no,created_date,customer,due_date,file_name,file_stem,import_line_description,import_requires_job_sheet,item,item_code,job_sheet_id,line_index,match_reasons,match_score,match_status,myob_item_number,notes,order_code,order_id,order_item_id,print_type,roll_type,sheet_name,total_kgs,total_mts,total_rolls
949576,2025-06-18,ELLISON HORTICULTURAL,,CF1000(2000)200050.xlsx,CF1000(2000)200050,CFR1000(2000)20050UV - L/D NATURAL CENTREFOLD WITH UV 1000(2000) X 200MTS X 50UM;$/ROLL (UOM = ROLL),True,CFR1000(2000)50UV0,200M,8d726914-d2e6-4706-af4d-d3b59a775226,0,"customer_exact,item_code_found_in_description,qty_rolls_close_1pct,line_requires_job_sheet",93.0,matched,,Extruder Start Time Screw Speed Nip Speed Blower % Nip Roller Tension/Speed,949576,678cfad7-913f-4bc4-8b65-2f6a2404bcc0,b7e1d5bd-28bb-44be-8a9b-e31ac8e40e41,None,Cont Centrefold,Sheet1,185.0,2000.0,10.0
949214,2025-06-24,NSI AUSTRALIA,2025-02-17,CF300(600)25 NSI.xlsx,CF300(600)25 NSI,CF300(600)450M/25UM - NATURAL CENTREFOLD 300(600) X 450M X 25 UM;6.25KG/ROLL;$/ROLL (UOM = ea),True,CFR300(600)25,450M,f720ba43-8415-4a1f-a4b9-37dfe18c80fb,0,"customer_exact,item_code_matches_description_token,qty_rolls_close_1pct,desc_overlap_medium,line_requires_job_sheet",135.0,matched,,Extruder Start Time Screw Speed Nip Speed Blower % Nip Roller Tension/Speed,949214,8ae8846c-a09c-4ab6-a31c-298a88c3033e,28da54e4-ea45-4b94-b527-17b12a93ccb4,None,Cont Centrefold,Sheet1,75.0,5400.0,12.0
951184,2026-03-02,DAY WALK,,CFR1180(2360)150UVSHRINK - 65M.xlsx,CFR1180(2360)150UVSHRINK - 65M,CF1180(2360)60150UVPSHRINK - LD NATURAL SHRINK CENTREFOLD WITH UV ADDITIVE 1180(2360) X 65M X 150UM ; 20KG/ROLL ; $/ROLL (UOM = ROLL),True,CFR1180(2360)140UV,65M,a31b7bde-ab87-4097-ba5c-d49442e81ee4,0,"item_code_matches_description_token,qty_rolls_close_1pct,desc_overlap_medium,line_requires_job_sheet",100.0,matched,,SHRINK CENTREFOLD - MUST HAVE UV - MUST BE EXACT OR CUSTOMER WILL REJECT - NO UNDERS PRINT DAYWALK,949805,eafb0f13-74f4-4ece-a3be-dbb0b0c538ce,48024ce1-6235-40da-b543-acbe6275b0e5,Random Print,Cont Centrefold,Sheet1,596.5555555555555,1950.0,30.0
57843,2024-11-15,ARCPANEL,,CFR625(1250)50 - ARCPANEL.xlsx,CFR625(1250)50 - ARCPANEL,CF625(1250)50BT REMIL (26KG) - L/D BLUE TINT CENTREFOLD 625(1250) X 450M X 50UM;26KG/ROLL;$/ROLL (UOM = ROLL),True,CFR625(1250)500,450M,510455eb-e12b-4135-84a8-5de91d1e710b,0,"customer_exact,item_code_matches_description_token,line_requires_job_sheet",103.0,matched,,Extruder Start Time Screw Speed Nip Speed Blower % Nip Roller Tension/Speed,944007,f63d5f67-e94b-4b05-9441-d14835a5612a,25d4a8f9-be7d-4995-b68e-64bba4e84c12,None,Cont Centrefold,Sheet1,260.4166666666667,4500.0,10.0
944090,2022-08-25,KELCRETE,,CFR625(1250)50 - KELCRETE.xlsx,CFR625(1250)50 - KELCRETE,CF625(1250)50REMILL (26kilogram (kg)) - L/D 50% REMILL CENTREFOLD 625(1250)MM X 449M X 50UM 26kilogram (kg)/ROLL  $PER ROLL (UOM = ROLL)   - (Customer Part # .),True,CFR625(1250)50,449M,40bba3b9-7388-457f-9460-69539e674cce,0,"customer_partial,item_code_matches_description_token,qty_rolls_close_1pct,line_requires_job_sheet",108.0,matched,,Extruder Start Time Screw Speed Nip Speed Blower % Nip Roller Tension/Speed,944090,91f2cd57-dee2-4d20-80b2-acac6de94b37,aa602236-bb3d-43ae-b3d4-41293a914c63,None,Cont Centrefold,Sheet1,415.74074074074076,7184.0,16.0
946372,2024-04-04,DAYWALK,2023-09-20,CFR840(1680)168045BK - 12-PTS168045B.xlsx,CFR840(1680)168045BK - 12-PTS168045B,CFR840(1680)168045BK - LD BLACK TOP SHEET (PALLET CAP) 840(1680) X 1680 X 45UM ; 200/ROLL ; $/ROLL (UOM = ROLL)   - (Customer Part # 12-PTS1680/45B),True,CFR840(1680)168045BK0,12-PTS1680/45B,ede3ee15-e117-4e6a-bd90-7346372fe980,0,"customer_exact,item_code_found_in_description,qty_rolls_close_1pct,desc_overlap_medium,line_requires_job_sheet",105.0,matched,,Extruder Start Time Screw Speed Nip Speed Blower % Nip Roller Tension/Speed,946372,49d1fcf0-7b26-4bdc-acad-1bc826e1d6d3,6fef1860-a26b-41ab-ab98-e1996f57d95a,None,,Sheet1,558.8352000000001,7983.360000000001,22.0
938822,2020-10-30,DAYWALK,2020-12-11,CFR840(1680)168045P - 12-PTS168045B.xlsx,CFR840(1680)168045P - 12-PTS168045B,"CFR840(1680)168025P - 12-PTS1680/25- L/D NATURALTOP SHEET PRINTED ""DAYWALK"" 840MM(1680MM) X 1680MM X 25UM 250/BOR $/ROLL (UOM = ROLL)",True,CFR840(1680)168025BKUVP,12-PTS1680/25,175533b8-abdf-42c9-89f0-7b3822da3036,0,"customer_exact,item_code_found_in_description,qty_rolls_close_1pct,desc_overlap_medium,line_requires_job_sheet",105.0,matched,,Extruder Start Time Screw Speed Nip Speed Blower % Nip Roller Tension/Speed,945032,cfde6d34-74df-4ab1-9502-7b28f6ed95cb,2551d124-f563-41dd-9ea5-b3adfe33e111,Random Print,,Sheet1,529.2,11340.0,50.0
57964,2025-10-15,TRIPLE M,2025-06-03,PB100150100 - QPB02.xlsx,PB100150100 - QPB02,PB100150100 QPB02 - QPB02: LD NATURAL POLYBAG 100MM X 150MM X 100UM ; 1000/CTN (UOM = CTN)   - (Customer Part # 2PBPSD),True,PB1001501000,QPB02,b39c8010-bffb-4efa-88c2-a469003ae798,0,"customer_partial,item_code_matches_description_second_token,qty_rolls_close_1pct,line_requires_job_sheet",158.0,matched,,Extruder Start Time Screw Speed Nip Speed Blower % Nip Roller Tension/Speed,947056,89814532-f5df-47e2-9a82-6dbccf3e3752,1badbb57-d4b9-45ff-b1c9-4f385caaabae,None,,Sheet1,150.0,8100.000000000001,12.0
943741,2022-08-22,METRO SOUTH,,PB100300100Y.xlsx,PB100300100Y,PB100300100Y - L/D YELLOW POLY BAG 100MM X 300MM X 100UM;2000/CTN;$/CTN (UOM = CTN),True,PB100300100Y,Batch No,ca2fefc9-1533-4642-be6e-c74037703b68,0,"customer_partial,item_matches_description_prefix,qty_rolls_close_1pct,line_requires_job_sheet",178.0,matched,,NEW ITEM - MUST HAVE WATER TIGHT SEALS - PLEASE CHECK FREQUENTLY - MUST BE SOLID YELLOW,943741,2c7eb671-69da-42eb-877b-5f570295cb51,dfaddc75-3cd2-4f4a-90f1-4f3abd32d97d,None,,Sheet1,24.0,1296.0,2.0
945773,2023-05-30,ULTRA CORAL,2023-06-26,PB10035050 - HALF BAG.xlsx,PB10035050 - HALF BAG,PB10035050 - #1/2 BAG - #1/2 BAG - NLD NATURAL POLY BAG 100MM X 350MM X 50UM; $/1000 (UOM = THOU),True,PB10035050,Batch No,718537b3-4e4d-4cf1-a3f6-c2d2499de1d2,0,"customer_partial,item_matches_description_prefix,line_requires_job_sheet",158.0,matched,,Extruder Start Time Screw Speed Nip Speed Blower % Nip Roller Tension/Speed,945773,ee523197-50cb-4256-abb0-7ac2a7c2e19e,c54dc7d3-ac0b-4b6b-8899-9991f2779f79,None,,Sheet1,42.00000000000001,4536.0,4.0
946853,2025-08-27,BARRIER REEF,,PB100475100 - HALF BAG.xlsx,PB100475100 - HALF BAG,PB13039050 - L/D NATURAL POLY BAG 130MM X 390MM X 50UM;$/THOU (UOM = THOU),True,PB13039050,Batch No,3ee3e468-0565-4b6b-9ecc-1e7c0930c51f,1,"customer_partial,item_matches_description_prefix,line_requires_job_sheet",158.0,matched,,BAG MUST NOT BE OVER 95MM - LIVE FISH TRANSPORT - MUST HAVE WATERTIGHT SEALS,950156,7949acf4-51c4-4c28-a9b8-831f539f69e7,517e4e2a-2e93-477c-b659-1544b7029c4d,None,,Sheet1,126.75000000000001,10530.0,12.0
943037,2022-05-10,METRO NORTH,,PB1060G69030UNPRINTED.xlsx,PB1060G69030UNPRINTED,PB1060G69030 - L/D NATURAL POLY BAG 1060GMM X 690MM X 30UM;200/CTN;$/CTN (UOM = CTN),True,PB1060G69030,Batch No,0d0ec33c-2910-4c8a-94e2-09b1bacc4d44,0,"customer_partial,item_matches_description_prefix,line_requires_job_sheet",158.0,matched,,Extruder Start Time Screw Speed Nip Speed Blower % Nip Roller Tension/Speed,943037,33f3c4e9-f2d1-4703-867d-164132351f33,8c1b7932-da83-4d22-99fa-a40126bec977,None,,Sheet1,175.536,2980.8,4.0
56464,2022-02-08,MATER TOWNSVILLE,,PB1140G147038BK -270415.xlsx,PB1140G147038BK -270415,PB1140G147038BK 270415 - 270415: 240 LITRE BLACK POLYBAGS 1140 GUSSET X 1470MM X 38UM  100/CTN  $PER CTN.. (UOM = CTN)   - (Customer Part # .),True,PB1140G147038BK,270415,1e0cac02-33ca-422f-8bbe-bf469c2c4bb2,0,"item_matches_description_prefix,item_code_matches_description_second_token,line_requires_job_sheet",248.0,matched,,"BAGS MUST STRETCH, NOT SPLIT AND BE EASY TO OPEN OR CUSTOMER WILL COMPLAIN -",951332,2994ee5d-c974-43b8-a327-edef9dd7f50c,7c215f45-67bc-440a-a131-be4ae57dc40d,Treating,,Sheet1,1273.6079999999997,15876.000000000002,30.0
945773,2023-05-30,ULTRA CORAL AUSTRALIA,2023-06-26,PB120475100 - #1 BAG.xlsx,PB120475100 - #1 BAG,"PB120475100 - #1 BAG - LD NATURAL POLY BAG 120MM X 475MM X 100UM ; 1000/CARTON ; $/1000 (MOQ 10,000) (UOM = THOU)   - (Customer Part # #1 BAG)",True,PB120475100,#1 BAG,d22a81d9-0680-4eac-a6a9-0a95ae8d26c5,1,"customer_exact,item_matches_description_prefix,item_code_found_in_description,line_requires_job_sheet",203.0,matched,,MUST BE WITHIN TOLERANCE - MUST HAVE WATER TIGHT SEALS - PLEASE CHECK SEALS FREQUENTLY.,945773,ee523197-50cb-4256-abb0-7ac2a7c2e19e,2d73a605-908b-46ce-891a-13d3ec6a3ee0,None,,Sheet1,91.2,4104.0,8.0
944203,2022-09-29,AUS FISH CORAL,,PB12532550.xlsx,PB12532550,PB12530050 - L/D NATURAL POLY BAG 125MM X 300MM X 50UM; $/1000; 5000/CTN (UOM = THOU),True,PB12530050,Batch No,468364ee-5118-45ac-b95e-c49c43795f65,0,"customer_partial,item_matches_description_prefix,line_requires_job_sheet",158.0,matched,,Extruder Start Time Screw Speed Nip Speed Blower % Nip Roller Tension/Speed,944203,52e50075-8530-418b-9cf0-f1aee4dd008f,f3cfa0c0-cb22-4a6a-979d-988904c73902,None,,Sheet1,75.00000000000001,6480.0,6.0
947761,2024-05-01,GREAT BARRIER REEF,2024-05-22,PB12535050 - BAG #1.xlsx,PB12535050 - BAG #1,"PB12535050-#1 BAG - L/D NATURAL POLY BAG 125MM  X  350MM X 50UM 2000/CTN PRICE PER 1,000 (UOM = THOU)",True,PB12535050,BAG #1,5e04e9bc-d2a2-44a5-a1be-ff9d701bdeb9,0,"customer_partial,item_matches_description_prefix,item_code_found_in_description,line_requires_job_sheet",188.0,matched,,Extruder Start Time Screw Speed Nip Speed Blower % Nip Roller Tension/Speed,947761,b2ecd708-fd3d-4ee8-88bf-a82ffedf5efb,393aefa4-2f17-46db-9809-f549559f407c,None,,Sheet1,70.0,6048.0,7.0
940473,2021-06-07,CORALS DOWN UNDER,2021-06-28,PB12540075.xlsx,PB12540075,PB12540075 - L/D NATURAL POLY BAG 125MM X 400MM X 75UM 2000/CTN $/THOU (UOM = THOU)   - (Customer Part # POLY BAG),True,PB12540075,Batch No,51075e0a-9652-41d1-885e-7fa546eefbc4,2,"customer_partial,item_matches_description_prefix,qty_rolls_close_5pct,line_requires_job_sheet",168.0,matched,,Extruder Start Time Screw Speed Nip Speed Blower % Nip Roller Tension/Speed,946853,d2bbe3f9-7138-4dc5-88d2-58d88739316d,64d97e67-2e94-4504-a6a5-e9917665ab42,None,,Sheet1,300.00000000000006,17280.0,30.0
944738,2022-12-14,BARRIER REEF CORALS,2023-01-14,PB14019535.xlsx,PB14019535,PB13540050 - L/D NATURAL POLY BAG 135MM X 400MM X 50UM;$/THOU (UOM = THOU),True,PB13540050,Batch No,fe046166-304c-475c-a5fb-01f7240c006c,0,"customer_exact,item_matches_description_prefix,line_requires_job_sheet",173.0,matched,,Extruder Start Time Screw Speed Nip Speed Blower % Nip Roller Tension/Speed,944738,e018be4e-7530-41a4-9812-e753fc9bebed,0015eeb4-6f17-49a0-9fcb-e2fb84d4b91b,None,,Sheet1,135.0,10800.0,12.0
942645,2022-02-21,PRIME FISH AUS,2022-03-16,PB145430100 GEL PACKS.xlsx,PB145430100 GEL PACKS,PB145430100 - L/D NATURAL POLY BAG (GEL PACK) 145MM X 430MM X 100UM 1000/CTN $/1000 (UOM = THOU),True,PB145430100,GEL PACK,befb0a5d-7163-4c9e-98a8-55e98489f13b,0,"item_matches_description_prefix,item_code_found_in_description,line_requires_job_sheet",168.0,matched,,Extruder Start Time Screw Speed Nip Speed Blower % Nip Roller Tension/Speed,944377,6b84604a-5fbf-4e82-be99-0ec05533d66f,8ffdb85d-ac98-44be-a9e1-53ae837fee31,None,,Sheet1,124.7,4644.0,10.0
948478,2024-08-26,100% REEF SAFE,2024-09-16,PB15035050.xlsx,PB15035050,PB18033050 - L/D NATURAL POLY BAG 180MM X 330MM X 50UM 2000/CTN $/1000 (UOM = THOU),True,PB18033050,LINER,5e06d307-9efe-434b-87ed-1e59ce4474b4,1,"customer_exact,item_matches_description_prefix,line_requires_job_sheet",173.0,matched,,Extruder Start Time Screw Speed Nip Speed Blower % Nip Roller Tension/Speed,948478,330d6a0b-49cf-4ba4-967b-e19621a0b68e,3c5fad7c-ce91-4e00-a695-a996da94060d,None,,Sheet1,71.28,4276.8,6.0
945852,2023-06-14,CRAIG WINTER,2023-07-08,PB160150100 - SLEEVE #2.xlsx,PB160150100 - SLEEVE #2,PB160230100 - L/D NATURAL POLY BAG 160 X 230 X 100UM (UOM = THOU),True,PB160230100,Batch No,922a8990-befe-4531-8818-f891c6bea020,0,"customer_exact,item_matches_description_prefix,line_requires_job_sheet",173.0,matched,,Extruder Start Time Screw Speed Nip Speed Blower % Nip Roller Tension/Speed,945852,7a9167bc-fda8-469f-9383-d63529139f2e,b334cc35-fbd1-43c5-a86c-f08a42202cc1,None,,Sheet1,73.60000000000001,2484.0,5.0
947761,2024-06-05,GREAT BARRIER REEF,2024-05-22,PB16040050 - BAG #2.xlsx,PB16040050 - BAG #2,PB16040050- BAG#2 - (BAG 2) LD NATURAL POLY BAG 160MM X 400MM X 50UM ; 2500/CTN ; $/1000 ; (UOM = THOU)   - (Customer Part # .),True,PB16040050,BAG #2,69193e4a-cacc-4d9c-8c54-ba73c2070e4a,1,"customer_partial,item_matches_description_prefix,item_code_found_in_description,line_requires_job_sheet",188.0,matched,,Extruder Start Time Screw Speed Nip Speed Blower % Nip Roller Tension/Speed,947761,b2ecd708-fd3d-4ee8-88bf-a82ffedf5efb,e5892807-9e2e-4a41-8479-16a596675025,None,,Sheet1,80.00000000000001,5400.0,6.0
938195,2020-08-24,TINDALL DIVING,2020-09-24,PB18033050.xlsx,PB18033050,PB180350150 - L/D NATURAL POLY BAG 180MM X 350MM X 150UM $/1000 (UOM = THOU)   - (Customer Part # .),True,PB180350150,Batch No,46d9f23a-d419-4c0e-a199-9b0485bc292d,0,"customer_exact,item_matches_description_prefix,qty_rolls_close_1pct,line_requires_job_sheet",193.0,matched,,"MUST HAVE SOFT FILM - MUST HAVE WATER TIGHT SEALS, PLEASE CHECK FREQUENTLY.",951448,33e449a3-d00f-4e70-affd-1254416817aa,f639f47d-d406-4b83-9372-c763e273e2ca,None,,Sheet1,94.5,1890.0000000000002,5.0
939562,2021-03-22,CORALS DOWN UNDER,,PB18040075-CORALS DOWN UNDER.xlsx,PB18040075-CORALS DOWN UNDER,PB18040075 - 3 POUCH - L/D NATURAL POLY BAGS 180MM X 400MM X 75UM 3 POUCH $/1000 (UOM = THOU)   - (Customer Part # POLY BAG),True,PB18040075,#3 POUCH,26a1b892-74c2-48d0-9c2e-98608c47cfd5,6,"customer_partial,item_matches_description_prefix,item_code_found_in_description,line_requires_job_sheet",188.0,matched,,Extruder Start Time Screw Speed Nip Speed Blower % Nip Roller Tension/Speed,946853,d2bbe3f9-7138-4dc5-88d2-58d88739316d,f6c57ae2-00b3-4110-9cd1-98e419185087,None,,Sheet1,108.0,4320.0,6.0
951447,2026-02-05,GRUNSKES,,PB200330100.xlsx,PB200330100,PB20058070P - POLY BAG NATUAL 200MM X 580MM X 70UM PRINT ONE COLOUR PRINT;500/CTN;$/CTN (UOM = CTN),True,PB20058070P,Batch No,7bba9b2f-9cb3-4e60-aeb2-d1310d9dbce1,0,"customer_partial,item_matches_description_prefix,line_requires_job_sheet",158.0,matched,,Extruder Start Time Screw Speed Nip Speed Blower % Nip Roller Tension/Speed,951447,196133c5-64fb-4112-801b-b99ad58073a6,ea1c9b08-c5a9-4f4c-bd54-189a5ff74338,None,,Sheet1,81.19999999999999,3132.0,4.0
944912,2023-01-05,PAC FOODS,,PB20035025RT.xlsx,PB20035025RT,PB20035030RT-PACFOODS - LD RED TINT POLY BAG 200MM X 350MM X 30UM ; 3000/CTN ; $/1000 (UOM = THOU),True,PB20035030RT,Batch No,5457cbc7-c7e4-4e6a-99b1-53f949a30783,0,"item_matches_description_prefix,line_requires_job_sheet",138.0,matched,,Extruder Start Time Screw Speed Nip Speed Blower % Nip Roller Tension/Speed,944912,9ddc25b8-afc3-4c3f-a26f-48952c007470,93cbcc5a-6504-4577-9e8b-59e93253cf83,None,,Sheet1,214.20000000000002,19278.0,12.0
947761,2024-06-05,GREAT BARRIER REEF,2024-05-22,PB20045050 - BAG #3.xlsx,PB20045050 - BAG #3,PB20045050- BAG #3 - BAG #3 - LD NATURAL POLY BAG 200MM X 450MM X 50UM ; 2000/CTN ; $/1000 (UOM = THOU)   - (Customer Part # .),True,PB20045050,BAG #3,d93e3645-550e-4b7f-985a-b3c3e7024510,2,"customer_partial,item_matches_description_prefix,item_code_found_in_description,line_requires_job_sheet",188.0,matched,,Extruder Start Time Screw Speed Nip Speed Blower % Nip Roller Tension/Speed,947761,b2ecd708-fd3d-4ee8-88bf-a82ffedf5efb,9943c23b-ea60-4baf-8aae-b33bdacee93e,None,,Sheet1,72.00000000000001,3888.0000000000005,4.0
945773,2023-05-26,ULTRA CORAL,2020-12-07,PB200475100 - #6 BAG.xlsx,PB200475100 - #6 BAG,PB200475100 - (#6 BAG) - LD NATURAL POLY BAG 200MM X 475MM X 100UM; 1000/CARTON; $/1000 (UOM = THOU)   - (Customer Part # #6 BAG),True,PB200475100,#6 BAG - SMALL ACRO,297fae52-efae-427b-9c60-412486888359,2,"customer_partial,item_matches_description_prefix,line_requires_job_sheet",158.0,matched,,MUST BE WITHIN TOLERANCE - MUST HAVE WATER TIGHT SEALS - PLEASE CHECK SEALS FREQUENTLY.,945773,ee523197-50cb-4256-abb0-7ac2a7c2e19e,6b5d4e88-d576-4c3a-bc0a-6f181c37d654,None,,Sheet1,95.0,2565.0,6.0
54946,2020-05-14,DENOOZE,2020-06-07,PB205305100 - QPB06 - DENOOZE.xlsx,PB205305100 - QPB06 - DENOOZE,PB205305100 QPB06 - QPB06  LD NATURAL POLYBAG 205MM (W) X 305MM (L) X 100UM ;1000/CTN $/CTN (UOM = CTN)   - (Customer Part # -),True,PB205305100,QPB06 - DENOOZE,1cab2d90-f37d-4e9b-a11a-61c5af30b08b,1,"item_matches_description_prefix,qty_rolls_close_1pct,line_requires_job_sheet",158.0,matched,,Extruder Start Time Screw Speed Nip Speed Blower % Nip Roller Tension/Speed,944125,bf4fe094-66f5-4343-b638-cc8d0010a588,622d4cac-5e96-4bae-9b3b-5ff20e23a5d7,None,,Sheet1,125.05000000000001,3294.0,8.0
939331,2021-01-18,DAVES POPCORN,,PB20536038- UNPRINTED.xlsx,PB20536038- UNPRINTED,PB20536038 UNPRINTED - LD CLEAR POLY BAG 205MM X 360MM X 38UM ; 1000/CTN ; $/1000 (UOM = THOU),True,PB20536038 UNPRINTED,UNPRINTED,69e71bcb-fd32-411b-bb58-68b44db8cc8e,0,"customer_exact,item_matches_description_prefix,item_code_matches_description_second_token,line_requires_job_sheet",283.0,matched,,FOOD GRADE TOLERANCE +/- 3MM - NO CUTS IN PLASTIC - NO BURN UP - NO CREASING,944358,ebd0581c-c111-4384-b79a-94b3be61abd2,adc6151b-3a44-4e78-b95f-fbf521d93bf8,None,,Sheet1,56.08800000000001,3888.0000000000005,4.0
950302,2025-07-17,OCEAN PETS,,PB21042050 OUTER BAG 3.xlsx,PB21042050 OUTER BAG 3,PB125440100 - INCH 5 - L/D NATURAL POLY BAG 125MM X 440MM X 100UM(INCH 5);$/THOU (UOM = THOU),True,PB125440100,Batch No,47d30bc0-c265-4c59-98d3-4b868136b959,1,"customer_exact,item_matches_description_prefix,line_requires_job_sheet",173.0,matched,,Extruder Start Time Screw Speed Nip Speed Blower % Nip Roller Tension/Speed,950302,60b8cbc2-9f85-4bf9-af2a-cd2528146826,266c03a8-e2ae-45ae-a451-f2958b65354b,None,,Sheet1,55.0,2376.0,4.0
944358,2022-10-14,DAVES POPCORN,,PB23550038.xlsx,PB23550038,PB23550038 - L/D NATURAL POLY BAG 235MM X 500MM X 38UM;1000/CTN;$/THOU (UOM = THOU),True,PB23550038,Batch No,1dc148b9-4e29-44c3-a345-499fbe822e8e,1,"customer_exact,item_matches_description_prefix,line_requires_job_sheet",173.0,matched,,Extruder Start Time Screw Speed Nip Speed Blower % Nip Roller Tension/Speed,944358,ebd0581c-c111-4384-b79a-94b3be61abd2,67154ae4-f275-4acd-824c-f22aea97d739,None,,Sheet1,53.580000000000005,3240.0,4.0
939417,2021-01-25,FERNLAND AGENCIES,,PB240G360100BKUV - CUSBAG150300 FERNLAND.xlsx,PB240G360100BKUV - CUSBAG150300 FERNLAND,"PB240G360140BKUV - FERNLANDS:BLACK PLANTER BAG WITH UV (5.0 LITRE) 240MM GUSSETT (125MM+115MM) X 360MM X 140UM VENTED, $/1000 (UOM = THOU)   - (Customer Part # CUSBAG150/300HD)",True,PB240G360100BKUVV,CUSBAG150/300,d41ab96d-b519-438f-a17b-66cd158597c4,0,"customer_exact,item_code_found_in_description,qty_rolls_close_1pct,line_requires_job_sheet",93.0,matched,,Extruder Start Time Screw Speed Nip Speed Blower % Nip Roller Tension/Speed,947576,2a509b3e-d8ef-4cb3-8aa6-8a2bbf3cba2a,7d88734d-5f89-408a-b4ce-22f3623d0c43,None,,Sheet1,259.20000000000005,5832.0,12.0
945635,2023-05-11,INJECTION MOULDING,2023-06-10,PB25050040.xlsx,PB25050040,PB25050075 - L/D NATURAL POLY BAG 250MM X 500M X 75UM; $/1000 (UOM = THOU)   - (Customer Part # BAG),True,PB25050075,Batch No,e29533cf-3aad-4e84-9154-bac1af48b71d,0,"customer_partial,item_matches_description_prefix,line_requires_job_sheet",158.0,matched,,Extruder Start Time Screw Speed Nip Speed Blower % Nip Roller Tension/Speed,945635,2bd6b4c4-3378-4206-aa4d-723030f0b82f,6a93e884-222c-4fa5-85fc-9ab45227f521,None,,Sheet1,93.74999999999999,2700.0,6.0
945068,2023-01-31,EAST COAST CITRUS,,PB250G370140WHV.xlsx,PB250G370140WHV,PB250G370140WH - L/D WHITE PLANTER BAG 250MM GUSSETT (130MM+120MM) X 370MM X 140UM;$/THOU (UOM = THOU),True,PB250G370140WHUVV,WHITE,775f4db1-112b-4438-bca3-8e2e86d5ea3e,1,"customer_exact,item_code_matches_description_token,line_requires_job_sheet",103.0,matched,,Extruder Start Time Screw Speed Nip Speed Blower % Nip Roller Tension/Speed,945068,5a0bcde6-91d7-47fb-a740-3f38d970b0cc,0fec4f67-aa57-414a-8173-bddbab3c1354,None,,Sheet1,129.5,1998.0000000000002,8.0
945355,2024-03-07,CALOUNDRA PRODUCE,,PB25738750 - 1KG BAG.xlsx,PB25738750 - 1KG BAG,"PB25738750 - LD NATURAL POLY BAG  257MM X 387MM X 50UM ; 1000/CTN ; $/1000 ""1KG BAG"" (UOM = THOU)   - (Customer Part # BAG)",True,PB257387500,1KG BAG,74c0d8d2-b162-4630-839e-b9de2022eb36,0,"customer_exact,item_code_found_in_description,qty_rolls_close_1pct,line_requires_job_sheet",93.0,matched,,Extruder Start Time Screw Speed Nip Speed Blower % Nip Roller Tension/Speed,946844,2bc98dcb-da73-4401-81bd-7bc07f71af6d,8b1cf721-e17d-491d-a10f-1421134abfcd,None,,Sheet1,119.3508,5015.52,6.0
938709,2024-10-28,GLADSTONE CORAL,2020-11-17,PB26031035P - EMPERORS.xlsx,PB26031035P - EMPERORS,PB26031035P-EMPEROR - LD NATURAL POLY BAG PRINTED 'EMPERORS' 1C/1S BLACK ; 260MM X 310MM X 35UM ; 1000/CARTON ; $/1000 (UOM = THOU)   - (Customer Part # BAG),True,PB26031035P,EMPERORS,e5dded15-b29a-4c83-993d-a1224da48db6,0,"customer_partial,item_matches_description_prefix,item_code_matches_description_token,line_requires_job_sheet",218.0,matched,,Extruder Start Time Screw Speed Nip Speed Blower % Nip Roller Tension/Speed,948175,fc4b5c3d-ec54-4b53-931a-f56a28127266,257a04a4-8081-4555-a9d6-5fd94b92775c,Random Print,,Sheet1,56.42,3348.0,4.0
947646,2024-10-28,ROB BEN,2024-04-29,PB26031035P - MACKERAL.xlsx,PB26031035P - MACKERAL,"PB26031035P-MACKERAL - LD NATURAL POLY BAG PRINTED ""MACKERAL"" 1C/1S BLACK ; 260MM X 310MM X 35UM ; 1000/CARTON ; $/1000 (UOM = THOU)   - (Customer Part # .)",True,PB26031035AS0P,MACKERAL,cf03fcc8-d21b-4474-9f7d-820758997568,2,"customer_partial,item_code_matches_description_second_token,line_requires_job_sheet",138.0,matched,,Extruder Start Time Screw Speed Nip Speed Blower % Nip Roller Tension/Speed,947646,de2488e7-901a-441a-bcc4-af14606495a1,ef0a8887-2e56-402b-9679-9fb54b16d8f5,Random Print,,Sheet1,62.062,3682.8,4.0
949953,2025-05-16,ROB BEN HOLDINGS,,PB26031035P - TUSK.xlsx,PB26031035P - TUSK,PB26031035P-TUSK - LD NATURAL POLY BAG PRINTED 'TUSK'' 1C/1S BLACK ; 260MM X 310MM X 35UM ; 1000/CARTON ; $/1000 (UOM = THOU)   - (Customer Part # .),True,PB26031035P,TUSK,14bb5aff-f9ae-4c1a-9002-c9cd6d0915cc,3,"customer_exact,item_matches_description_prefix,item_code_matches_description_second_token,line_requires_job_sheet",283.0,matched,,"MUST HAVE WATERPROOF SEALS - PLEASE CHECK FREQUENTLY - PRINT MUST ONLY SAY ""TUSK"" DO NOT USE NIGHT CROSSING PLATE",949953,3528aa7a-a98f-489f-a83e-dd7487571958,1db42dcf-556b-4ff0-b578-32c0b91ee8e7,Registered Print,,Sheet1,67.704,4017.6000000000004,3.0
950465,2025-08-18,OCEAN PETS,2025-09-08,PB275550100 - 275.xlsx,PB275550100 - 275,PB275550100 - L/D NATURAL POLY BAG 275MM X 550MM X 100UM 250/CTN $/1000 (UOM = THOU),True,PB275550100,Batch No,1e9c2bc3-e020-41ba-8a9f-df3a1422aca5,0,"customer_exact,item_matches_description_prefix,line_requires_job_sheet",173.0,matched,,MUST BE WITHIN TOLERANCE - MUST HAVE WATER TIGHT SEALS - PLEASE CHECK SEALS FREQUENTLY.,950465,253e76bb-f221-4ca1-b505-01487a3a4fb4,7bb7f219-4e05-4da3-a73d-75e5d20f4e43,None,,Sheet1,151.25000000000003,2970.0,6.0
944981,2023-02-24,KAZZI KOVERS,,PB30038035VP- KAZZI.xlsx,PB30038035VP- KAZZI,PB30038035VP - L/D NATURAL POLY BAG 1C/1S 6MM VENT ABOVE LOGO 300MM X 380MM X 35UM $/1000 (UOM = THOU),True,PB30038035VP,Batch No,02f7cacf-bf73-4b47-b517-2dac198918e7,0,"customer_exact,item_matches_description_prefix,desc_overlap_medium,line_requires_job_sheet",185.0,matched,,MUST HAVE 6MM VENT HOLE ABOVE LOGO LOGO TO START 40MM FROM SEAL VENT IN CENTRE - SECOND VENT HOLE TO BE 100MM FROM TOP OF BAG,944981,59cee0a2-8fa8-430c-803b-ef0b4f877988,129e4986-521a-4aaa-bdc7-abbadf423010,Registered Print,,Sheet1,127.68000000000002,6566.400000000001,6.0
951213,2026-03-04,BLACKWOODS,2026-03-25,PB30040050.xlsx,PB30040050,PB300400200CL - LD CLEAR POLY BAG 300MM X 400MM X 200UM(INNER PACKS OF 50);200/CTN;$/CTN (UOM = CTN),True,PB300400200,Batch No,ae7a6769-132b-4d7b-9d9f-351663f4a448,0,"customer_exact,item_matches_description_prefix,line_requires_job_sheet",173.0,matched,,Extruder Start Time Screw Speed Nip Speed Blower % Nip Roller Tension/Speed,949141,661fbfd7-11c8-4493-8cf0-440e472e658f,bf0e9a04-2c21-4bd9-b895-4bbad4658c79,None,,Sheet1,288.00000000000006,2592.0,12.0
942993,2022-03-30,DENCO,2022-04-30,PB30045035P - MEAT CITY CHICKEN FRAMES 500G $3.00 - 0802022.xlsx,PB30045035P - MEAT CITY CHICKEN FRAMES 500G $3.00 - 0802022,"PB30045035P-CHICKEN MEAT CITY - CODE 0802022; LD NATURAL POLY BAG PRINTED ""MEAT CITY CHICKEN FRAMES-500G""; 300MM X 450MM X 35UM; 1000/CARTON; $/1000 (UOM = THOU)",True,PB30045035ASP,0802022,fcbe6f72-b263-4b41-8a5c-035a1a71bdd8,0,"customer_exact,item_code_matches_description_token,desc_overlap_medium,line_requires_job_sheet",115.0,matched,,MEAT CITY CHICKEN FRAMES 500G/$2.00 - MUST HAVE GOOD PRINT - NO LINES OR SMUDGES,942993,5a9350e1-5030-4f3e-b7fe-f0836177ab8b,0d8090fb-ae25-4722-8174-1c33f700e9a7,Random Print,,Sheet1,94.5,4860.0,4.0
942993,2022-06-08,DENCO,2022-04-30,PB30045035P - MEAT CITY DOG BONES 500G $3.00 - 0802041.xlsx,PB30045035P - MEAT CITY DOG BONES 500G $3.00 - 0802041,PB30045035P-DOG BONES(MEAT CITY) - CODE: 0802041-LD CLEAR POLY BAG PRINTED (MEAT CITY) DOG BONES 300MM X 450MM X 35UM ; 1000/CTN ; $/1000 (UOM = THOU)   - (Customer Part # .),True,PB30045035ASP,0802041,31c31b4e-e7fb-403e-b5bc-af823b84666c,1,"customer_exact,item_code_matches_description_token,desc_overlap_medium,line_requires_job_sheet",115.0,matched,,MEAT CITY DOG BONES 500G/$3.00 - MUST HAVE GOOD PRINT - NO LINES OR SMUDGES,942993,5a9350e1-5030-4f3e-b7fe-f0836177ab8b,072ba78f-42be-406a-9542-bee10ebd99e7,Random Print,,Sheet1,103.95,5346.0,5.0
942531,2022-02-22,MINEMECH,2022-03-22,PB30538035 - J15.xlsx,PB30538035 - J15,PB30538035(2000) - J15  L/D NATURAL POLY BAG 305MM X 380MM X 35UM  2000/CTN  $/1000 (UOM = THOU),True,PB30538035,J15,ab7c6d71-2557-46f9-addf-2bd45ee4c82e,0,"item_matches_description_prefix,item_code_matches_description_token,line_requires_job_sheet",198.0,matched,,Extruder Start Time Screw Speed Nip Speed Blower % Nip Roller Tension/Speed,946100,1aad86f4-4d37-4891-bb70-6f383ef2969b,62214f47-b3ae-4b19-9b2b-d274027d7c5f,None,,Sheet1,97.356,4924.8,5.0
948583,2024-10-15,WILMAR,2024-11-05,PB30540535 - J16.xlsx,PB30540535 - J16,PB30540535 - J16  LD NATURAL POLY BAG 305MM X 405MM X 35UM  1000/CTN  $/1000 (UOM = THOU)   - (Customer Part # J16),True,PB305405350AS,J16,6fd2c099-d33b-44c8-a687-c11ab0cf0392,0,"customer_partial,item_code_matches_description_second_token,line_requires_job_sheet",138.0,matched,,Extruder Start Time Screw Speed Nip Speed Blower % Nip Roller Tension/Speed,948583,ce04b25e-9711-42b1-bbfd-577a5a2f0fcb,68da5204-5e5d-4413-a080-bbee3edf2abb,None,,Sheet1,103.76100000000001,5248.8,5.0
58135,2025-06-23,SUPAFIN SEAFOODS,2025-03-03,PB305455100.xlsx,PB305455100,PB305455100 - LD NATURAL POLY BAG 305MM(W) X 455MM(L) X 100UM  500/CTN  $/1000 (UOM = THOU)   - (Customer Part # .),True,PB305455100,Batch No,8f327e0b-6b94-4306-bace-9f2bd457eeba,0,"customer_exact,item_matches_description_prefix,qty_rolls_close_1pct,line_requires_job_sheet",193.0,matched,,***SOME BAGS WERE NOT SEALED IN CORNERS LAST RUN AND BROKE - PLEASE CHECK FREQUENTLY,943795-02,da74786a-13c4-42a7-b898-1d24d2f2a72c,8c78fc8f-3997-46d4-81e4-ff9cd57e8452,None,,Sheet1,555.0999999999999,9828.0,20.0
945355,2023-03-20,CALOUNDRA PRODUCE,,PB30548075.xlsx,PB30548075,PB30548075 - LD NATURAL POLY BAG 305MM X 480MM X 75UM;500/CTN;$/CTN (UOM = CTN)   - (Customer Part # BAG),True,PB30548075,Batch No,7876f224-6e09-4546-ab88-d8fba0327b55,1,"customer_exact,item_matches_description_prefix,qty_rolls_close_1pct,line_requires_job_sheet",193.0,matched,,Extruder Start Time Screw Speed Nip Speed Blower % Nip Roller Tension/Speed,945355-02,f4b195cd-bf41-4754-a725-8b6f06d45180,8a5d4447-364d-450e-ae45-4c02e352e5cd,None,,Sheet1,87.84,2073.6000000000004,4.0
944221,2025-06-09,COOROY LANDSCAPE,,PB350500100P - COOROY LANDSCAPE.xlsx,PB350500100P - COOROY LANDSCAPE,PB350500100P - L/D NATURA POLY BAG PRINTED 2 COLOURS 1 SIDE 350MM X 500MM X 100UM 500/CTN $/CTN (UOM = CTN),True,PB350500100P,Batch No,c0527aef-5861-43d2-b287-094c65292a94,0,"customer_partial,item_matches_description_prefix,qty_rolls_close_1pct,line_requires_job_sheet",178.0,matched,,Extruder Start Time Screw Speed Nip Speed Blower % Nip Roller Tension/Speed,944221,4be1a229-5e32-4851-8ba6-1c9f31f3384d,0d80638c-314c-4edc-991a-27dacf7dc06e,Registered Print,,Sheet1,87.49999999999999,1350.0,4.0
943494,2022-06-23,GRANDCHESTER,2022-07-23,PB400580120UV.xlsx,PB400580120UV,PB400580120UV - L/D NATURAL SHRINK BAG UV STABILIZED  400MM X 580MM X 120UM   200/CTN   $/1000 (UOM = THOU),True,PB400580120UV,Batch No,dc467699-0a16-4f19-b2b2-d71518975524,0,"customer_partial,item_matches_description_prefix,line_requires_job_sheet",158.0,matched,,Extruder Start Time Screw Speed Nip Speed Blower % Nip Roller Tension/Speed,943494-02,2e296fc2-3c92-453b-a204-16b8531db6fc,c6e1f788-3809-467e-b951-8ab0a60bd516,None,,Sheet1,55.68000000000001,626.4000000000001,3.0
946246,2023-09-05,ABL DISTRIBUTION,2023-08-24,PB45530535BT- ABL.xlsx,PB45530535BT- ABL,PB45530535BT - LD BLUE TINT POLY BAG - 455MM OPENING X 305MM LENGTH X 35UM ; 1000/CARTON ; $/CARTON (UOM = CTN),True,PB45530535BT,Batch No,b779712e-4f43-4a4c-a8aa-ce4e5bab2edc,0,"item_matches_description_prefix,line_requires_job_sheet",138.0,matched,,Extruder Start Time Screw Speed Nip Speed Blower % Nip Roller Tension/Speed,946246,68bb478d-5db6-4566-8c00-e3700294efd5,9c258a0b-2e05-4501-839d-6309354dc736,None,,Sheet1,116.571,3952.8,4.0
942809,2022-05-16,JUNGLE CREEK,2022-03-29,PB455910100-JUNGLE CREEK.xlsx,PB455910100-JUNGLE CREEK,PB455910100 - L/D NATURAL POLY BAG 455MM X 910MM X 100UM 200/CTN $/1000 (UOM = THOU)   - (Customer Part # BAG),True,PB455910100,Batch No,7a351106-cd8b-416e-81fe-4f06bb0029f9,0,"customer_partial,item_matches_description_prefix,line_requires_job_sheet",158.0,matched,,Extruder Start Time Screw Speed Nip Speed Blower % Nip Roller Tension/Speed,949461,42a74cb7-396e-4658-8eec-17306bee8760,47246135-cbba-4b9f-8b98-8b92a8292b18,None,,Sheet1,198.744,2358.7200000000003,6.0
945774,2023-05-26,COASTAL FLOW,2023-06-26,PB510550150.xlsx,PB510550150,PB510550150 - LD CLEAR POLY BAG 510MM X 550MM X 150UM ; 200/CARTON ; $CARTON (UOM = CTN),True,PB510550150,Batch No,bb615ef8-3ec0-46a3-af32-f5eecb948172,0,"customer_exact,item_matches_description_prefix,line_requires_job_sheet",173.0,matched,,Extruder Start Time Screw Speed Nip Speed Blower % Nip Roller Tension/Speed,945774,47781fda-c03a-4822-8918-c08e7891580e,149cd3b2-ae9d-4580-88ec-f589d6b3b5ac,None,,Sheet1,84.15,594.0,3.0
946746,2023-11-06,INNISFAIL AQUA,,PB510920100.xlsx,PB510920100,PB510920100 - LD NATURAL POLY BAG 510MM X 920MM X 100UM ; 200/CARTON ; $/1000 (UOM = THOU),True,PB510920100,Batch No,d8bb0a00-dd56-44f5-a118-002642969359,1,"customer_partial,item_matches_description_prefix,line_requires_job_sheet",158.0,matched,,Extruder Start Time Screw Speed Nip Speed Blower % Nip Roller Tension/Speed,946746,76b4b3a3-9541-442d-b9d2-deab154212be,921dc569-5a55-42a1-8848-aa6d85f4b1bb,None,,Sheet1,93.84,993.6,3.0
56960,2025-11-05,GREENSLOPES,,PB530G74040YP - YCW3403.xlsx,PB530G74040YP - YCW3403,**SENDING  YCW3403 34 LT IN CARTON AS THE ROLL IN MANUFACTURING ***,False,PB530G74040YAS0P,YCW3403,,4,"customer_partial,item_code_matches_description_second_token",130.0,matched,,Extruder Start Time Screw Speed Nip Speed Blower % Nip Roller Tension/Speed,949509,09818b1a-2152-4bc0-aa13-b68952d5cc89,5013a44b-05b6-41db-bf49-3a4bd3f896f1,Random Print,,Sheet1,549.0799999999999,13986.000000000002,14.0
945774,2023-05-30,COASTAL FLOW,2023-06-26,PB540610150.xlsx,PB540610150,PB540610150 - LD CLEAR POLY BAG 540MM X 610MM X 150UM ; 150/CARTON ; $/CARTON (UOM = CTN),True,PB540610150,Batch No,256e1e0e-65ab-4469-8eeb-7f354aaec76d,1,"customer_exact,item_matches_description_prefix,line_requires_job_sheet",173.0,matched,,Extruder Start Time Screw Speed Nip Speed Blower % Nip Roller Tension/Speed,945774,47781fda-c03a-4822-8918-c08e7891580e,97a4fc87-19f0-4be8-af54-ac088d1c5777,None,,Sheet1,103.76100000000001,691.74,4.0
943924,2022-09-23,TOP CATCH,2022-09-06,PB550495100 - DIE CUT HANDLE.xlsx,PB550495100 - DIE CUT HANDLE,PB550495100 - L/D NATURAL POLY BAG WITH DIE CUT HANDLE 550MM X 495MM X 100UM $/1000 (UOM = THOU),True,PB550495100,Batch No,ea6a974e-23ae-4a06-aad9-cc88fa0a9f27,0,"customer_exact,item_matches_description_prefix,desc_overlap_medium,line_requires_job_sheet",185.0,matched,,Extruder Start Time Screw Speed Nip Speed Blower % Nip Roller Tension/Speed,943924,d2777cae-731e-42d5-84c9-c5a29ab59573,cae504b6-41ad-4c18-9938-9cd3a57eb0d9,None,,Sheet1,122.5125,1202.8500000000001,4.0
946036,2023-07-06,WHITE CROSS FIRST AID,2023-07-25,PB550600150.xlsx,PB550600150,PB550600150 - CLEAR POLY BAG 550MM X 600 MM X 150UM;100/CTN;$/CTN (UOM = ea),True,PB550600150,Batch No,b78ad368-2a37-402e-845c-0e2ee555aa7b,0,"customer_exact,item_matches_description_prefix,qty_rolls_close_1pct,line_requires_job_sheet",193.0,matched,,Extruder Start Time Screw Speed Nip Speed Blower % Nip Roller Tension/Speed,946036,b587d3fa-9c7f-40d5-b744-a7b7bcde6898,4fdeb86e-a321-4b32-9153-b4ca2cbc5db1,None,,Sheet1,59.400000000000006,388.8,2.0
943501,2022-06-08,J J RICHARDS,2022-07-06,PB640G90055YP - YCW50502.xlsx,PB640G90055YP - YCW50502,PB640G90055YP - YCW50502:50L YELLOW CLINICAL WASTE POLY BAGS  640 Gusset(W) x 900mm(L) x 55um  250/ctn  $/ctn (UOM = CTN)   - (Customer Part # .),True,PB640G90045YP,YCW50502,c5982864-9571-4d8c-8fb0-373ff8b0ab36,0,"customer_exact,item_code_matches_description_second_token,line_requires_job_sheet",153.0,matched,,Extruder Start Time Screw Speed Nip Speed Blower % Nip Roller Tension/Speed,946316,50df5b1a-6f00-4974-b046-4eee69130d9d,d2c60f31-553a-4eaf-b87c-7cb0197d6aa6,Random Print,,Sheet1,1296.0,24300.0,40.0
950715,2025-09-15,NORTHSIDE CLEANING,2025-10-15,PB750830100.xlsx,PB750830100,PB760900150UM - L/D NATURAL POLY BAG 760MM X 900MM X 150UM  50/CTN $/CTN (UOM = CTN),True,PB760900150,Batch No,3142c1ba-410b-4c7e-8e1c-de0b9572180c,0,"customer_partial,item_matches_description_prefix,line_requires_job_sheet",158.0,matched,,Extruder Start Time Screw Speed Nip Speed Blower % Nip Roller Tension/Speed,950715,64d956c1-a9e7-4f59-9de1-28244374169b,ddaaafdb-a6bf-4dbc-8042-1df9d3646cae,None,,Sheet1,205.20000000000002,972.0000000000001,5.0
57132,2025-08-11,HOSPITAL,,PB770G100030 - CL7720.xlsx,PB770G100030 - CL7720,PB770G100030 - CL7720 - NATURAL LINER 75L  770GUSSET X 1000MM X 30UM  250/CTN  $PER CTN (UOM = CTN)   - (Customer Part # .),True,PB770G100030AS0,CL7720,6b23a8dc-68b2-439b-b746-d4fa2f9b2e6e,1,"customer_partial,item_code_matches_description_second_token,qty_rolls_close_1pct,line_requires_job_sheet",158.0,matched,,Extruder Start Time Screw Speed Nip Speed Blower % Nip Roller Tension/Speed,945369,a6b064d7-cc5c-4884-8513-d1cbe851e449,a5dcb507-17b3-44aa-a0f1-6e115fcfff3f,None,,Sheet1,1155.0000000000002,27000.0,30.0
944716,2022-12-14,DAFF WACOL,2023-01-14,PB780G90035-NAPPY BIN.xlsx,PB780G90035-NAPPY BIN,PB780G70050 - L/D NATURAL POLY BAG 780MM X GUESSET (440MM+340MM) X 700MM X 50UM (UOM = CTN),True,PB780G70050,Batch No,0e96bdb5-cd04-4dc6-a5a4-fb6f962250d4,0,"item_matches_description_prefix,line_requires_job_sheet",138.0,matched,,Extruder Start Time Screw Speed Nip Speed Blower % Nip Roller Tension/Speed,944716,3a830b87-56ed-46bc-b4fa-2ab09b793f9d,7a3227a7-e600-4b56-b2ab-7cd426450b84,None,,Sheet1,54.60000000000001,756.0,2.0
944617,2022-11-08,COOK MEDICAL,,PB8001000100BT.xlsx,PB8001000100BT,PB800100050 - L/D NATURAL POLY BAG 800MM X 1000MM X 50UM;100/CTN;$/CTN (UOM = CTN),True,PB800100050,Batch No,dfa113b1-e0f8-4871-a4b8-b5b623818425,0,"customer_exact,item_matches_description_prefix,line_requires_job_sheet",173.0,matched,,Extruder Start Time Screw Speed Nip Speed Blower % Nip Roller Tension/Speed,944617,93f17b82-5107-488b-abde-cd02430177ec,517871ea-a9a7-42e3-b2f0-153d803fc583,None,,Sheet1,160.00000000000003,2160.0,5.0
951011,2026-02-12,SEDL AGENCIES,,PB805106090BK-QPB23.xlsx,PB805106090BK-QPB23,PB805106090BK QPB23 - QPB23  LD BLACK POLYBAG 805MM X 1060MM X  90UM  100/CTN  $/CTN (UOM = CTN),True,PB805106090BK,QPB23,d409de40-c813-4ffc-b522-874a677a3375,0,"customer_exact,item_matches_description_prefix,item_code_matches_description_second_token,line_requires_job_sheet",283.0,matched,,Extruder Start Time Screw Speed Nip Speed Blower % Nip Roller Tension/Speed,951011,d7ea91c7-4a98-4eb8-9e18-f4d20506c716,8814a075-3fb0-4d26-b904-9ba2d6914563,None,,Sheet1,307.18800000000005,2289.6000000000004,6.0
57758,2025-06-27,QLD HEALTH,2024-05-31,PB935G125030P - CL120P30.xlsx,PB935G125030P - CL120P30,PB935G125030P - CL120P30 M/D NATURAL POLY BAG PRINTED 'GENERAL WASTE'; 935 GUSSETT (470+465) X 1250 X 30UM; 100/CTN; $/CTN;.... (UOM = CTN)   - (Customer Part # .),True,PB935G1250300ASP,CL120P30,61d449b7-706c-4eb7-95a2-0d0ec80f72d0,0,"item_code_matches_description_second_token,qty_rolls_close_1pct,line_requires_job_sheet",138.0,matched,,Extruder Start Time Screw Speed Nip Speed Blower % Nip Roller Tension/Speed,948877,3f5e09ff-33be-49e8-ac03-d25c81ad70cb,70036f2a-b1a0-47b7-b0da-2131f815a70d,Random Print,,Sheet1,420.75,8100.000000000001,10.0
944046,2022-08-25,SEASTOCK PTY,2022-09-25,PBR10002000200-SEASTOCK.xlsx,PBR10002000200-SEASTOCK,PBR10002000200 - L/D NATURAL POLY BAG ON ROLL 1000MM X 2000MM X 200UM;25/ROLL;$/ROLL (UOM = ROLL),True,PBR10002000200,Batch No,af295070-82d3-4955-b1f9-d06ace9add52,0,"customer_partial,item_matches_description_prefix,qty_rolls_close_1pct,line_requires_job_sheet",178.0,matched,,NEW ITEM - NEW CUSTOMER - MUST BE SPOT WIDTH - CHECK SEALS FREQUENTLY NOT OVER 190UM AT ALL,944046,eb30dfd1-a1d2-45d2-b471-a2b95c3cb7b9,17fa5d79-abf3-49a9-bc4b-cfbe95d7b73c,None,,Sheet1,200.00000000000003,540.0,10.0
938195,2020-08-28,TINDALL DIVING,2020-09-28,PBR1020G100075.xlsx,PBR1020G100075,PBR1020G100075 - L/D NATURAL POLY BAG ON ROLL 1020 GUSSET (630MM+390MM) X 1000MM X 75UM $/ROLL (UOM = ROLL)   - (Customer Part # .),True,PBR1020G100075,Batch No,622a11e7-77f7-4354-9f11-53faf4d11a2b,1,"customer_exact,item_matches_description_prefix,qty_rolls_close_1pct,line_requires_job_sheet",193.0,matched,,Extruder Start Time Screw Speed Nip Speed Blower % Nip Roller Tension/Speed,948883,9889db1d-931c-4814-8351-657bb3fcb96d,28d65ec7-7bc5-4add-86f4-960ea3b97867,None,,Sheet1,244.8,1728.0,8.0
944039,2022-08-25,FROMM PACKAGING,,PBR1103200100.xlsx,PBR1103200100,PBR1103200100 - L/D NATURAL POLY BAG ON ROLL 110MM X 3200MM X 100UM 200/ROLL $/ROLL (UOM = ROLL)   - (Customer Part # .),True,PBR1103200100,Batch No,d1dcf6a8-c616-4381-b928-1250c15ec899,1,"customer_partial,item_matches_description_prefix,line_requires_job_sheet",158.0,matched,,MUST HAVE PLAIN LABEL NOT DOLPHIN LABEL - MUST BE BY DUE DATE - NO EXCEPTIONS,944039,1b9df096-c4c1-48b5-9f14-ca5a6c08cdbc,78a6ed5d-ac63-48c3-97ce-ecd79834b5e6,None,,Sheet1,422.40000000000003,20736.0,35.0
949524,2025-10-17,DOCUMENT DYNAMIX,2025-11-06,PBR1180G150030P - ISBL3.xlsx,PBR1180G150030P - ISBL3,"PBR1180G150040P-ISBL3 - MD NATURAL BAG ON ROLL PRINTED ""ISBL3 - DOCUMENT DYNAMIX"" ; 1180 GUSSET (750+430) X 1500MM X 40UM ; 100/ROLL ; $/ROLL (UOM = ROLL)",True,PBR1180G1500300ASP,ISBL3,4c9162f9-7454-4313-8cb6-848d67254c8f,1,"customer_partial,item_code_matches_description_second_token,qty_rolls_close_1pct,line_requires_job_sheet",158.0,matched,,Extruder Start Time Screw Speed Nip Speed Blower % Nip Roller Tension/Speed,950692,e0cc5914-0cd6-4cfe-982d-f06d1171f69a,211e7f89-5eb8-46b5-8018-c1fa1a9551af,Random Print,,Sheet1,318.6,4860.0,30.0
948399,2024-10-10,EXECUTIVE DISTRIBUTORS,2024-09-06,PBR1180G155050.xlsx,PBR1180G155050,PBR1180G155050 - L/D CLEAR POLY BAG ON ROLL 1180MM GUSSET (800+380) X 1550MM X 50UM; 100/ROLL;$/ROLL (UOM = ROLL),True,PBR1180G155050,Batch No,ec7a92e3-6211-45f6-84ba-10d5d554ec5c,0,"customer_exact,item_matches_description_prefix,qty_rolls_close_1pct,line_requires_job_sheet",193.0,matched,,"GOOD SEALS, STRONG SEALS - PLEASE TEST FREQUENTLY RUN INLINE ON 65 EXTRUDER - CHECK GUSSET - NEW SIZE",948399,f5c19388-97d2-41ca-ad67-264ca92962c6,198818ae-d6ac-4e22-ac32-a896c35a9f4d,None,,Sheet1,182.9,1674.0,10.0
941301,2021-09-09,CHRIS HAIN,,PBR12002000100.xlsx,PBR12002000100,PBR12002000100 - L/D NATURAL POLY BAG 1200MM X 2000MM X 100UM 40/PER ROLL $/ROLL (UOM = ROLL),True,PBR12002000100,Batch No,0d116e4e-dec9-4505-b384-7fbfe13cd864,0,"item_matches_description_prefix,line_requires_job_sheet",138.0,matched,,Extruder Start Time Screw Speed Nip Speed Blower % Nip Roller Tension/Speed,943908,bbcb3ea0-f410-43e0-afb8-1d330a7fc670,bf1456e7-e8a6-491a-b577-5ee99c58ce77,None,,Sheet1,57.60000000000001,259.20000000000005,3.0
948274,2024-07-26,MINEHAN AGENCIES,2024-08-16,PBR1450G1500100.xlsx,PBR1450G1500100,PBR1450G1500100 (75/ROLL) - LD NATURAL POLY BAG ON ROLL 1450MM GUSSET (725+725) X 1500MM X 100UM ; 75 BAGS PER ROLL ; $/ROLL (UOM = ROLL),True,PBR1450G1500100,Batch No,7b523e8c-760f-4191-9b1c-9ed5a0e27e68,0,"customer_exact,item_matches_description_prefix,qty_rolls_close_1pct,line_requires_job_sheet",193.0,matched,,Extruder Start Time Screw Speed Nip Speed Blower % Nip Roller Tension/Speed,948274,cf70d2e2-d810-46df-885e-5a1c72b575f5,1f1d346d-39b4-4715-96d3-7f92e4b94c65,None,,Sheet1,717.7500000000001,2673.0,22.0
944039,2022-08-25,FROMM PACKAGING,,PBR1453200100.xlsx,PBR1453200100,PBR1453200100 - L/D NATURAL POLY BAG ON ROLL 145MM X 3200MM X 100UM 200 BAGS PER ROLL $/ROLL (UOM = ROLL),True,PBR1453200100,Batch No,9e4862be-300e-4200-91a5-06fab1affe6f,3,"customer_partial,item_matches_description_prefix,line_requires_job_sheet",158.0,matched,,Extruder Start Time Screw Speed Nip Speed Blower % Nip Roller Tension/Speed,944039,1b9df096-c4c1-48b5-9f14-ca5a6c08cdbc,7c46e28a-7fa9-4cd1-ad1c-4b3a58f72998,None,,Sheet1,556.8000000000001,20736.0,30.0
948533,2024-08-30,PRO-PAC,2024-09-20,PBR15034050.xlsx,PBR15034050,PBR14083035 - L/D CLEAR POLY BAG ON ROLL 140MM X 830MM X 35UM ;1000/ROLL;$/ROLL (UOM = ROLL),True,PBR14083035,Batch No,5e7636c0-eb18-4a49-b546-70a547c1b898,0,"customer_partial,item_matches_description_prefix,line_requires_job_sheet",158.0,matched,,Extruder Start Time Screw Speed Nip Speed Blower % Nip Roller Tension/Speed,948533,d1d5105f-0dd3-41b1-90b3-5288e51d0cc9,5e415b75-1057-41f5-bb6a-c671fd819159,None,,Sheet1,48.804,5378.400000000001,5.0
950634,2025-10-02,DAYWALK,2025-10-23,PBR200300150PUVCI - 12BUC200300150R.xlsx,PBR200300150PUVCI - 12BUC200300150R,"PBR200300150PUVCISHRINK - 12-BUC200/300/150R - L/D NATURAL SHRINK POLY BAG ON ROLL WITH UV AND CORROSION INHIBITOR PRINTED ""DAYWALK"" 200MM X 300MM X 150UM 600/ROLL $/ROLL (UOM = ROLL)",True,PBR200300150CIUVP,12-BUC200/300/150R,f6fc88d8-6592-49db-88c4-23808b18bfe2,2,"customer_exact,item_code_found_in_description,qty_rolls_close_1pct,line_requires_job_sheet",93.0,matched,,Extruder Start Time Screw Speed Nip Speed Blower % Nip Roller Tension/Speed,949137,8ee02ab5-bf76-4c04-9135-5a5c704c0c53,b095881b-774e-4855-879a-02f177193330,Random Print,,Sheet1,216.0,3888.0000000000005,8.0
RE-RUN 943270,2022-11-10,DAYWALK,,PBR300770200WHPUVCISHRINK - 12-PVCI300770200.xlsx,PBR300770200WHPUVCISHRINK - 12-PVCI300770200,"PBR300770200PUVVCI - 12-PVCI300770200UM-L/D WHITE HEAT SHRINK BAGS VCI+UV ADDITIVE PRINTED ""DAYWALK"" 300MM X 770MM X 200UM;110/ROLL;$/ROLL (UOM = ROLL)",True,PBR300770200WHCIUVP,12-PVCI300770200UM,8ee512f0-6351-479b-b328-d2b4a397e6fc,0,"customer_exact,item_code_found_in_description,qty_rolls_close_1pct,line_requires_job_sheet",93.0,matched,,Extruder Start Time Screw Speed Nip Speed Blower % Nip Roller Tension/Speed,944412,89a32c66-e0a3-4a52-892a-d30b0f22ba4a,c008dee4-172a-428b-bcd2-24de53721726,Random Print,,Sheet1,101.64000000000001,914.7600000000001,14.0
55585,2021-01-13,THE DECKSTORE,2021-02-03,PBR30551050 - BAG 163.xlsx,PBR30551050 - BAG 163,PBR30551050(1000/RL) - BAG163: L/D NATURAL BAG on ROLL 305MM X 510MM X 50UM  1000/ROLL  $PER ROLL (UOM = ROLL)   - (Customer Part # BAG ON ROLL),True,PBR30551050,BAG 163,ed6cb74c-4f6b-4f72-95c2-e52540e2fe4d,2,"item_matches_description_prefix,line_requires_job_sheet",138.0,matched,,Extruder Start Time Screw Speed Nip Speed Blower % Nip Roller Tension/Speed,945355,ebd30edf-70a0-4c2d-9800-d5f5913e522f,4da104b8-bbae-48fd-9594-1848473d5f7e,None,,Sheet1,311.1,11016.0,14.0
942743,2022-03-08,B&D GROUP,2022-03-21,PBR400800100.xlsx,PBR400800100,PBR400800100 - L/D NATURAL POLY BAG ON ROLL 400MM X 800MM X 100UM;250/ROLL;$/ROLL (UOM = ROLL),True,PBR400800100,Batch No,d3d45bb3-cb7a-459f-a50e-a314a01d05d0,0,"item_matches_description_prefix,line_requires_job_sheet",138.0,matched,,Extruder Start Time Screw Speed Nip Speed Blower % Nip Roller Tension/Speed,950196,924280b5-40da-482a-8ab7-9c455ea69d76,0c8f98a8-c20f-4b9b-885d-41cf2a56ab37,None,,Sheet1,64.0,864.0,4.0
940223,2021-06-01,LIVE CORALS,2021-06-01,PBR460920100-live corals.xlsx,PBR460920100-live corals,PBR460920100 - LD NATURAL VIRGIN POLY BAG ON ROLL 460MM X 920MM X 100UM 250/ROLL $/ROLL (UOM = ROLL),True,PBR460920100,Batch No,6854534f-3276-489c-a016-e72e1b9483f5,0,"item_matches_description_prefix,line_requires_job_sheet",138.0,matched,,NEW ITEM - VIRGIN FILM - NO SPLITTING AS PER CUSTOMER REQUIREMENT MUST BE WATER TIGHT - CHECK SEALS - NEAT ROLLS,944656,6e9c953b-4be0-4d62-be04-741b7c46a479,253fdfa0-9701-4d7f-8e74-1b6d6081446b,None,,Sheet1,423.20000000000005,4968.0,20.0
944046,2022-08-25,SEASTOCK PTY,2022-09-25,PBR5001000200-SEASTOCK.xlsx,PBR5001000200-SEASTOCK,PBR5001000200 - L/D NATURAL POLY BAG ON ROLL 500MM X 1000MM X 200UM;100/ROLL;$/ROLL (UOM = ROLL),True,PBR5001000200,Batch No,62fd13a2-bea9-4b55-acc4-3de68699d331,1,"customer_partial,item_matches_description_prefix,qty_rolls_close_1pct,line_requires_job_sheet",178.0,matched,,NEW ITEM - NEW CUSTOMER - MUST BE SPOT WIDTH - CHECK SEALS FREQUENTLY NOT OVER 190UM AT ALL,944046,eb30dfd1-a1d2-45d2-b471-a2b95c3cb7b9,2ffad2c5-4b9b-47d3-b7f9-783967499228,None,,Sheet1,200.00000000000003,1080.0,10.0
944177,2022-09-16,GREENPET,,PBR520820120.xlsx,PBR520820120,PBR520820120 - L/D NATURAL POLY BAG ON ROLL 520MM X 820MM X 120UM;150/ROLL;$/ROLL (UOM = ROLL),True,PBR520820120,Batch No,79b700ac-898d-4832-8611-ae0a3a40b732,0,"customer_partial,item_matches_description_prefix,qty_rolls_close_1pct,line_requires_job_sheet",178.0,matched,,Extruder Start Time Screw Speed Nip Speed Blower % Nip Roller Tension/Speed,944177,e0ea5ca6-dacd-4959-8d33-0e63ba6f6dc2,16c8e47f-ff57-45b2-b600-345bf257422d,None,,Sheet1,76.75200000000001,664.2,5.0
945554,2023-05-11,MOD PLAS,2023-06-10,PBR750125050AS.xlsx,PBR750125050AS,PBR750125050 - LD NATURAL POLY BAG ON ROLL 750MM X 1250MM X 50UM ; 200 BAGS PER ROLL ; $ROLL (UOM = ROLL),True,PBR750125050,Batch No,9df452b0-ba8c-42f7-be7e-118903960965,4,"item_matches_description_prefix,qty_rolls_close_1pct,line_requires_job_sheet",158.0,matched,,Extruder Start Time Screw Speed Nip Speed Blower % Nip Roller Tension/Speed,945554,08594774-361c-4e79-bce7-224ab0db59a9,49352b12-6627-4653-9099-ecf64b854f57,None,,Sheet1,187.50000000000003,2700.0,10.0
950226,2025-07-30,OZONE AUST,,PBR8301700100.xlsx,PBR8301700100,PBR8301200100 - POLY BAG ON ROLL;830MM X 1200MM X 100UM;10/ROLL;$/ROLL (UOM = ROLL),True,PBR8301200100,Batch No,071fd05b-9218-4c58-822b-6ac6fc950c88,0,"item_matches_description_prefix,qty_rolls_close_1pct,line_requires_job_sheet",158.0,matched,,Extruder Start Time Screw Speed Nip Speed Blower % Nip Roller Tension/Speed,950226,48139cec-4c94-4e0b-991a-62426498b243,731d1f06-2f0a-4635-a597-7886261202dc,None,,Sheet1,199.20000000000002,1296.0,10.0
942979,2022-03-30,NUTRIEN AG SOLUTIONS,2022-04-30,PBR890G62035 - 10KG LINER.xlsx,PBR890G62035 - 10KG LINER,PBR890G62035 - 10KG LINER;LD NATURAL POLY BAG ON ROLL 890MM GUSSETT (560MM+330MM) X 620MM X 38UM;500/ROLL;$/ROLL (UOM = ROLL),True,PBR890G62035,10KG LINER,7fabd9dc-a7fe-4e39-bfcb-4847fb267ae6,1,"item_matches_description_prefix,item_code_found_in_description,line_requires_job_sheet",168.0,matched,,Extruder Start Time Screw Speed Nip Speed Blower % Nip Roller Tension/Speed,944148,a601e614-5264-406b-b683-a989b4a17d88,9d4294be-a6b2-4ecf-af75-f665404cea38,None,,Sheet1,231.756,4017.6000000000004,12.0
940274,2021-05-11,AQUA FARMS,2021-06-11,PBR9152100200.xlsx,PBR9152100200,PBR9002100200 - L/D NATURAL POLY BAG 900MM X 2100MM X 200UM 25/ROLL $/ROLL (UOM = ROLL)   - (Customer Part # POLY BAG),True,PBR9002100200,Batch No,d22d26cc-d002-459c-a6d4-7116554bf89d,0,"item_matches_description_prefix,qty_rolls_close_1pct,line_requires_job_sheet",158.0,matched,,MUST HAVE GOOD STRONG SEALS - NO LEAKS. NO CUTS IN ROLLS. TOLLERANCE IS NOT UNDER WIDTH - MUST BE MIN 900WIDE- REJECT IF UNDER,944236,75d5c8a3-32c8-41d4-b0ee-47f177788578,1a33dd2c-b99b-4faa-8e82-11c5a6fad79e,None,,Sheet1,189.0,567.0,10.0
951583,,DAYWALK,,PBR9301070200WHPUVCISHRINK - 12-PVCI9301070200.xlsx,PBR9301070200WHPUVCISHRINK - 12-PVCI9301070200,"PBR9301070200UVVCI - 12-PVCI9301070200UM-L/D WHITE HEAT SHRINK BAG VCI+UV ADDITIVAE PRINTED ""DAYWALK"" 930MM X 1070MM X 200UM;25/ROLL;$/ROLL (UOM = ROLL)",True,PBR9301070200WHCIUVP,12-PVCI9301070200,63b37757-ec58-418c-870f-694661eb57f6,4,"customer_exact,item_code_found_in_description,qty_rolls_close_1pct,line_requires_job_sheet",93.0,matched,,Extruder Start Time Screw Speed Nip Speed Blower % Nip Roller Tension/Speed,950155,9bad61ba-641f-4a5b-b5d8-7c07e94ee30f,e24acfe3-ae53-422d-bc58-48616e0dbad9,Random Print,,Sheet1,99.51,288.90000000000003,8.0
940283,2021-05-12,COMPANY ONE,2021-06-11,PBR960G950100.xlsx,PBR960G950100,PBR960G950100 - L/D CLEAR LINERS 960G (555+405) X 950MM X 100UM ; 100 PER ROLL ; $/ROL (UOM = ROLL),True,PBR960G950100,Batch No,812aa75d-4a8a-4dd2-b380-2a83c4028f52,0,"item_matches_description_prefix,line_requires_job_sheet",138.0,matched,,"NEW ITEM - PERF INLINE - MUST HAVE WATER TIGHT SEALS, PLEASE TEST FREQUENTLY.",944850,73842126-4f61-4b7c-be5d-b35ce020bea3,01bc547c-d659-44aa-8ae5-d7b4614c0fae,None,,Sheet1,364.8,2052.0,20.0
943930,2022-08-16,RAW SUNSHINE COAST,2022-09-06,PBR9751250100.xlsx,PBR9751250100,PBR9751250100 - L/D NATURAL POLY BAG ON ROLL 975MM X 1250MM X 100UM 110 BAGS PER ROLL $/ROLL (UOM = ROLL),True,PBR9751250100,Batch No,ceec4c1e-3014-4357-bdec-dbbb189a9c6b,0,"customer_exact,item_matches_description_prefix,qty_rolls_close_5pct,line_requires_job_sheet",183.0,matched,,MUST HAVE GOOD STRONG SEALS - NO LEAKS. NO CUTS IN ROLLS. TOLLERANCE IS NOT UNDER WIDTH -,943930,68cf1514-85a2-4e45-b49b-5146e0bd74cb,0c7e40e1-338f-4fbd-a570-0e3a1d60e01a,None,,Sheet1,268.12500000000006,1485.0,10.0
943857,2022-09-13,PHRESH OYSTERS,,S35050030WHP - PHRESH OYSTERS.xlsx,S35050030WHP - PHRESH OYSTERS,"S35050030WHP - PHRESH OYSTERS - L/D WHITE SHEET PRINTED ""PHRESH OYSTERS"" BLACK 1C/1S 350MM X 500MM X 30UM 2000/CTN $/CTN (UOM = CTN)",True,S35050030WHP,Batch No,28e158ff-09ca-498b-a4af-7d62e79df870,1,"item_matches_description_prefix,qty_rolls_close_1pct,line_requires_job_sheet",158.0,matched,,Extruder Start Time Screw Speed Nip Speed Blower % Nip Roller Tension/Speed,946562-02,baa1488f-6846-4d3f-848b-0036f9deb871,ceae5270-e4db-4d61-9a39-81f5490d5279,Registered Print,,Sheet1,126.38888888888889,5400.0,5.0
945290,2023-03-13,AZAPAK,2020-10-14,SR6001800100WH  - AZAPAK.xlsx,SR6001800100WH  - AZAPAK,SR6001800100WH - L/D WHITE PERFORATED SHEET ON ROLL 600MM X 1800MM X 100UM 200/ROLL $/ROLL (UOM = ROLL),True,SR6001800100WH,Batch No,0302336d-9a00-497b-895e-556a9bdbadfd,0,"customer_exact,item_matches_description_prefix,line_requires_job_sheet",173.0,matched,,Extruder Start Time Screw Speed Nip Speed Blower % Nip Roller Tension/Speed,945290,c4cdabfb-1185-4560-a79c-0e08655933d7,d292d01f-9033-4e14-90f2-b6387748b0c2,None,,Sheet1,260.0,1944.0000000000002,5.0
941902,2025-06-03,DARRA BAKE HOUSE,2021-12-10,SR65065025BT - CRATE LINER.xlsx,SR65065025BT - CRATE LINER,SR65065025BT - L/D BLUE TINT POLY SHEET (FOOD GRADE CRATE LINER) 650MM X 650MM X 25UM 1000/ROLL $/ROLL (UOM = ROLL),True,SR65065025BT,CRATE LINER,07ba54b9-b91b-4168-9a80-840a2a7c26a8,0,"customer_partial,item_matches_description_prefix,item_code_found_in_description,line_requires_job_sheet",188.0,matched,,Extruder Start Time Screw Speed Nip Speed Blower % Nip Roller Tension/Speed,948998,ac41af28-77fe-4217-bfcc-358c5da4c8ea,df30d277-e1ec-4d6f-8693-429345daead7,None,,Sheet1,457.7083333333333,10530.0,30.0
943045,2022-04-11,AMERRO ENGINEERING,,T100150P-AMERRO.xlsx,T100150P-AMERRO,"T100150P (10KG) - L/D NATURAL POLY TUBE PRINTED ""AMERRO ENGINEERING"" 100MM X 150UM;10KG/ROLL;$/KG (UOM = kg)",True,T100150P,10KG,af49a9a8-e785-492e-ad03-922f0166eb26,0,"customer_exact,item_matches_description_prefix,item_code_matches_description_second_token,line_requires_job_sheet",283.0,matched,,Extruder Start Time Screw Speed Nip Speed Blower % Nip Roller Tension/Speed,943484,d0e447b9-c29e-4ebc-a8df-8c84a4bc920b,575b8699-926f-4f17-9919-85eb9737ee10,Registered Print,Tube,Sheet1,50.0,1800.0,5.0
942503,2022-02-09,PRO-PAC,,T105180SHRINK - 15KG.xlsx,T105180SHRINK - 15KG,T105180SH - L/D NATURAL VIRGIN SHRINK TUBING 105MM X 429MM X 180UM $/ROLL 15KG/ROLL (UOM = ROLL),True,T105180,15KG,70d24d2b-0368-4f5d-8ce0-7d8d5ad57812,0,"customer_partial,item_matches_description_prefix,item_code_matches_description_token,qty_rolls_close_1pct,line_requires_job_sheet",238.0,matched,,Extruder Start Time Screw Speed Nip Speed Blower % Nip Roller Tension/Speed,946916,3a9ccb9e-e15b-4dd0-8133-e2e004f29195,58f8007a-a59c-4ccf-a1f4-cc78c098f553,None,Tube,Sheet1,75.0,2142.8571428571427,5.0
938799,2020-10-28,A1 HARLEQUIN BLINDS,2020-11-26,T12550 - 10KG.xlsx,T12550 - 10KG,T10050(10kg) - L/D NATURAL POLYTUBE 100MM X 1080M  X 50UM ; 10kg/ROLL;  $PER kilogram (UOM = kg)   - (Customer Part # .),True,T12550,10KG,6bfd9e3a-3850-4a57-b4a2-214a40b03009,0,"customer_partial,item_code_matches_description_second_token,line_requires_job_sheet",138.0,matched,,Extruder Start Time Screw Speed Nip Speed Blower % Nip Roller Tension/Speed,944202,fc0f9270-408c-4c2b-89a5-13150fec18c4,69318d44-1c01-48b4-9f82-67a3b4a996fd,None,Tube,Sheet1,50.0,4320.0,5.0
948307,2024-10-31,BEEHIVE VINYL,2024-08-22,T1500150-25KG.xlsx,T1500150-25KG,T1500150(25KG) - LD NATURAL POLY TUBE 1500MM X 60M X 150UM ; 25KG PER ROLL ; $/ROLL (UOM = ROLL),True,T1500150,25KG,41852814-b212-4233-a07b-810e3b887a40,0,"customer_partial,item_matches_description_prefix,item_code_matches_description_second_token,qty_rolls_close_1pct,line_requires_job_sheet",288.0,matched,,Extruder Start Time Screw Speed Nip Speed Blower % Nip Roller Tension/Speed,948307,4e75ca31-923a-4d3e-891f-5f68b8268cd3,2c33abdf-e8bf-493e-be58-1de9ea772da0,None,Tube,Sheet1,250.0,600.0,10.0
938870,2020-11-11,DAYWALK,2020-12-03,T200150 - 12-T20015015.xlsx,T200150 - 12-T20015015,"T200150PUVCI - 12-TUC200/150/10 - L/D NATURAL POLY TUBE PRINTED ORANGE ""DAYWALK"" 8%UV 5%CI 200MM X 150UM X 180MTS 10KG/ROLL $/ROLL (UOM = ROLL)",True,T200150,15KG,070d42d8-6e38-46c2-8d3a-5254bb9509b9,0,"customer_exact,item_matches_description_prefix,qty_rolls_close_1pct,line_requires_job_sheet",193.0,matched,,Extruder Start Time Screw Speed Nip Speed Blower % Nip Roller Tension/Speed,946606,edcfca21-7a34-4479-b892-f9492a26ead5,1dede10b-c880-4b08-8945-ac50060588ce,None,Tube,Sheet1,180.0,3240.0,12.0
951479,2026-03-04,ABL,2026-03-25,T200200P - 20KG - PTE HYDRAULICS.xlsx,T200200P - 20KG - PTE HYDRAULICS,T370100(20kg) - L/D NATURAL TUBE 370 X 284MTS X 100UM 20kg/ROLL; $/kg (UOM = kg),True,T200200PFALSE,20KG,8c8ae621-3234-4373-b62b-825ea4de06fe,2,"customer_partial,item_code_matches_description_second_token,line_requires_job_sheet",138.0,matched,,Extruder Start Time Screw Speed Nip Speed Blower % Nip Roller Tension/Speed,945627,ae525146-95ac-4441-b1ee-2aac380b1e3d,5e5554f6-d663-4dee-8746-e7a086552254,Registered Print,Tube,Sheet1,600.0,8100.0,30.0
947681,2024-10-10,PACPLUS,2024-05-07,T20050 -10KG.xlsx,T20050 -10KG,T20050 (10KG) - LD NATURAL POLY TUBE 200MM X 50UM 10KG/ROLL $/KG (UOM = kg)   - (Customer Part # .),True,T20050,10KG,32344bf7-6ed4-4474-8f2e-b33e4cbcea40,1,"customer_exact,item_matches_description_prefix,item_code_matches_description_second_token,line_requires_job_sheet",283.0,matched,,Extruder Start Time Screw Speed Nip Speed Blower % Nip Roller Tension/Speed,947681,099b44e0-d14d-44fa-bfd3-e0e7d313aeb1,6ac8f7e2-53fd-46b2-84de-ed0c43170359,None,Tube,Sheet1,50.0,2700.0,5.0
937296,2020-07-24,TUFFTEX,2020-08-21,T20050P - TUFFTEX.xlsx,T20050P - TUFFTEX,T20050P - TUFFTEX - LD NATURAL POLY TUBE 200MM X 50M X 50UM 1KG/ROLL $/ROLLLD NATURAL POLY TUBE PRINTED ORANGE TUFFTEX 200MM X 50M X 50UM 1KG/ROLL $/ROLL (UOM = ea),True,T20050P,16KG,befb88d2-71e8-4351-a82e-d68ddafcb258,0,"customer_exact,item_matches_description_prefix,line_requires_job_sheet",173.0,matched,,Extruder Start Time Screw Speed Nip Speed Blower % Nip Roller Tension/Speed,949698,3bd29181-1725-483c-bdc8-f25decd1500a,b2d6a093-fdd2-4804-b62c-1eb7b9b1a255,Random Print,Tube,Sheet1,93.6,5054.4,6.0
942503,2022-02-09,PRO-PAC PACKAGING,,T250180 - 15KG.xlsx,T250180 - 15KG,T250180SH - L/D NATURAL SHRINK TUBE 250MM X 180MTS X 180UM 15KG PER ROLL $/ROLL (UOM = ROLL)   - (Customer Part # 284-417),True,T250180,15KG,d8e4b093-e304-41f4-b003-2bb394d16011,3,"item_matches_description_prefix,item_code_matches_description_token,line_requires_job_sheet",198.0,matched,,Extruder Start Time Screw Speed Nip Speed Blower % Nip Roller Tension/Speed,946916,3a9ccb9e-e15b-4dd0-8133-e2e004f29195,40e47f0f-9fd1-439c-a207-255208d1a577,None,Tube,Sheet1,135.0,1620.0,9.0
939374,2021-01-20,ANGEL AT HEART,,T25075 - 10KG.xlsx,T25075 - 10KG,T25075 - 10KG - LD NATURAL POLY TUBE 250MM X 75UM 10KG/ROLL $/KG (UOM = kg),True,T25075,10KG,2dc5c6e0-05fb-408d-b106-ddcd8db063c2,0,"customer_exact,item_matches_description_prefix,item_code_matches_description_second_token,line_requires_job_sheet",283.0,matched,,Extruder Start Time Screw Speed Nip Speed Blower % Nip Roller Tension/Speed,943554,a26838f8-58b5-4fda-94a8-f1d11abbc8f4,d62a760c-a62c-459b-8aeb-59ffdba4822b,None,Tube,Sheet1,50.0,1440.0,5.0
951462/951473/951510,2026-03-20,SEDL,2026-04-02,T30050 - 10KG.xlsx,T30050 - 10KG,T30050-10kg - LD NATURAL POLY TUBE 300MM X 360M X 50UM ; 10kg/ROLL ; $/KG (UOM = kg),True,T30050,10KG,b0308ba7-30bb-451d-acd7-f6e826d2e731,0,"customer_partial,item_matches_description_prefix,item_code_matches_description_second_token,qty_rolls_close_1pct,line_requires_job_sheet",288.0,matched,,Extruder Start Time Screw Speed Nip Speed Blower % Nip Roller Tension/Speed,951510,e546cf58-5c74-4675-b18c-6426f10e1446,c2fd4708-a8b2-4dc4-a79a-e63362dafa5f,None,Tube,Sheet1,100.0,3600.0,10.0
951473,2026-02-13,SEDL,,T30050 - 20KG.xlsx,T30050 - 20KG,"T30050 -20KG - L/D NATURAL POLY TUBE, 300MM X 720M X 50UM, 20KG/ROLL, $/KG (UOM = kg)",True,T30050,20KG,8605d713-1348-4b1b-ba4b-238c457a1496,1,"item_matches_description_prefix,item_code_matches_description_second_token,line_requires_job_sheet",248.0,matched,,Extruder Start Time Screw Speed Nip Speed Blower % Nip Roller Tension/Speed,946669,a27e9d84-abfa-4b5d-9125-329d724e5b69,6582f518-6cdc-4d56-a82e-0a9eed097b16,None,Tube,Sheet1,140.0,5040.0,7.0
938662,2024-07-08,MCX TRADING,2020-11-15,T30075Y - 15KG.xlsx,T30075Y - 15KG,T30075Y - L/D YELLOW POLY TUBE 300MM X 360MTS X 75UM 15KG/ROLL $/ROLL (UOM = ROLL),True,T30075Y,15KG,33981be7-f46f-4d45-82d5-3f4aea9a5d1a,0,"customer_exact,item_matches_description_prefix,item_code_matches_description_token,qty_rolls_close_1pct,line_requires_job_sheet",253.0,matched,,Extruder Start Time Screw Speed Nip Speed Blower % Nip Roller Tension/Speed,947970,49bf1961-abb1-45d0-b764-9c537708fe7f,8d27fec3-0d1a-488a-99ff-3236cc05f279,None,Tube,Sheet1,60.0,1440.0,4.0
950604,2026-02-13,EXECUTIVE DISTRIBUTORS,,T310150 - 20KG.xlsx,T310150 - 20KG,T310150 - LD CLEAR POLY TUBE 310MM X 290 M X 150UM 25KG ROLL:/ROLL (UOM = ROLL),True,T310150,25KG,546f552c-1abc-4f3c-87e0-27911d9071cc,1,"customer_exact,item_matches_description_prefix,item_code_matches_description_token,qty_rolls_close_1pct,line_requires_job_sheet",253.0,matched,,Extruder Start Time Screw Speed Nip Speed Blower % Nip Roller Tension/Speed,950604,2c018c46-c7ea-429c-a480-ddbd41349190,b71ae847-0eaa-47f1-a21a-fe98dd655997,None,Tube,Sheet1,125.0,1451.6129032258068,5.0
938650,2020-10-15,GRACE RECORDS,2020-11-05,T31050BK.xlsx,T31050BK,"T18580PV(10kg) - LD NATURAL POLYTUBE VENTED & PRINTED ""KILARGO"" 185MM X 80UM  10kg/ROLL  $/ROLL (UOM = ROLL)   - (Customer Part # layflat large)",True,T31050BK,10KG,90c0a963-b21c-4af3-9b12-6b53cab6adaa,0,"item_code_matches_description_second_token,qty_rolls_close_1pct,line_requires_job_sheet",138.0,matched,,Extruder Start Time Screw Speed Nip Speed Blower % Nip Roller Tension/Speed,946911,5d7feb39-ba83-4b20-a68e-5410faeb0852,c9c6f94b-e6df-4e4e-85de-2a7f847c8c87,None,Tube,Sheet1,150.0,5225.806451612903,15.0
944931,2023-01-12,KENNARDS HIRE,2023-02-02,T330100-25KG.xlsx,T330100-25KG,T330100 - 25KG - L/D NATURAL POLY TUBE 330MM X 409M X 100UM 25KG/ROLL $/ROLL (UOM = ROLL),True,T330100,25KG,d7877423-2733-49f4-96f5-fac1ab6926bf,0,"customer_partial,item_matches_description_prefix,item_code_matches_description_second_token,qty_rolls_close_1pct,line_requires_job_sheet",288.0,matched,,Extruder Start Time Screw Speed Nip Speed Blower % Nip Roller Tension/Speed,944931,96182bba-a226-44a8-82b4-751296c3d4b6,ab0be7c9-c069-4f38-9ca8-3a8fc88675c5,None,Tube,Sheet1,50.0,818.1818181818182,2.0
939917,2024-07-08,TRIPLE M,,T350150WHP - 25KG - QLD GASKET.xlsx,T350150WHP - 25KG - QLD GASKET,S40075- 25KG (2PBPSC) - L/D NATURAL POLY SHEET 400MM X 902MTRS X 75UM ;  25KG/ROLL $/ROLL (TRIPLE M CODE: 2PBPSC) (UOM = ROLL)   - (Customer Part # 2PBPSC),True,T350150PWH,25KG,e7ef1925-c097-432f-8450-c39b6eb5b535,0,"customer_partial,item_code_matches_description_second_token,qty_rolls_close_1pct,line_requires_job_sheet",158.0,matched,,Extruder Start Time Screw Speed Nip Speed Blower % Nip Roller Tension/Speed,949012-03,05edd1d7-c56d-43a9-b6e8-196b396352e0,52a8d3b6-58fd-4df3-a2e3-7a3e2f6e91e2,Random Print,Tube,Sheet1,50.0,514.2857142857143,2.0
944107,2022-09-29,MAKMAX,,T400150 - 25KG.xlsx,T400150 - 25KG,T400150 - 25KG - LD NATURAL POLY TUBE 400MM X 225MTS X 150UM; 25KG/ROLL;$/KG (UOM = kg),True,T400150,25KG,08068699-5b4f-4d45-b277-112153c9f8c0,1,"customer_partial,item_matches_description_prefix,item_code_matches_description_second_token,line_requires_job_sheet",268.0,matched,,Extruder Start Time Screw Speed Nip Speed Blower % Nip Roller Tension/Speed,944107,7eca637a-99e2-4f03-9950-52e018114433,f6f75c10-4f6f-4bde-a1de-88bc8d4322bb,None,Tube,Sheet1,100.0,900.0,4.0
947650,2024-08-07,SEDL,2024-04-29,T400200P - 20KG - PTE HYDRAULICS.xlsx,T400200P - 20KG - PTE HYDRAULICS,T400200 - 20KG - LD CLEAR POLY TUBE 400MM X 200UM ; 20KG/ROLL ; $/ROLL (UOM = ROLL),True,T400200FALSE,20KG,b4c92ff8-e71f-40b5-aef4-e4c2c5dca3a0,0,"customer_partial,item_code_matches_description_second_token,qty_rolls_close_1pct,line_requires_job_sheet",158.0,matched,,Extruder Start Time Screw Speed Nip Speed Blower % Nip Roller Tension/Speed,947650,c13845a9-d5b7-460d-a988-47631888cbc3,c2fd5fcf-b2e4-4a63-9f43-32e3c5d046ca,None,Tube,Sheet1,100.0,675.0,5.0
938650,2020-10-15,GRACE RECORDS,2020-11-05,T42050BK.xlsx,T42050BK,T300120-15kg - L/D NATURAL POLY TUBE 300 X 120UM 226M/ROLL  15kg/ROLL  $/ROLL (UOM = ROLL)   - (Customer Part # TUBE),True,T42050BK,15KG,3bd42528-983a-40ed-a47f-ccbfb12d2918,0,"item_code_matches_description_second_token,qty_rolls_close_1pct,line_requires_job_sheet",138.0,matched,,Extruder Start Time Screw Speed Nip Speed Blower % Nip Roller Tension/Speed,945191-02,84cbb8d3-9345-486a-89fe-07a246cef0d2,ab1235b2-c925-40d4-8257-2377633aee29,None,Tube,Sheet1,150.0,3857.1428571428573,10.0
30/04/20 SAMPLE,2020-04-30,SIMX,,T42575BKFL - 10KG.xlsx,T42575BKFL - 10KG,"T18580PV(10kg) - LD NATURAL POLYTUBE VENTED & PRINTED ""KILARGO"" 185MM X 80UM  10kg/ROLL  $/ROLL (UOM = ROLL)   - (Customer Part # layflat large)",True,T42575BKFL,10KG,3c9a9cfb-710a-44d7-b8ca-f94463ec2f5d,1,"item_code_matches_description_second_token,qty_rolls_close_1pct,line_requires_job_sheet",138.0,matched,,Extruder Start Time Screw Speed Nip Speed Blower % Nip Roller Tension/Speed,947049-02,232d9d66-7d77-40a6-ab93-0da1e6304e44,243e4162-1a5e-45c4-ac56-7505a20023da,None,Tube,Sheet1,10.0,169.41176470588235,1.0
942761,2024-08-26,MACKAY CLEANING,2022-04-06,T450150 - 25KG.xlsx,T450150 - 25KG,T310150 - LD CLEAR POLY TUBE 310MM X 290 M X 150UM 25KG ROLL:/ROLL (UOM = ROLL),True,T310150,25KG,546f552c-1abc-4f3c-87e0-27911d9071cc,1,"item_matches_description_prefix,item_code_matches_description_token,line_requires_job_sheet",198.0,matched,,Extruder Start Time Screw Speed Nip Speed Blower % Nip Roller Tension/Speed,950604,2c018c46-c7ea-429c-a480-ddbd41349190,b71ae847-0eaa-47f1-a21a-fe98dd655997,None,Tube,Sheet1,50.0,580.6451612903227,2.0
948789,2024-10-15,PLASMASTERS,2024-11-05,T450200 - 20KG.xlsx,T450200 - 20KG,T450200-20kg - LD NATURAL POLY TUBE 450MM X 200UM ; 20kg/ROLL ; $/kg (UOM = kg)   - (Customer Part # .),True,T450200,20KG,26486c6a-0698-4058-aee8-600922a510ed,0,"customer_exact,item_matches_description_prefix,item_code_matches_description_second_token,line_requires_job_sheet",283.0,matched,,Extruder Start Time Screw Speed Nip Speed Blower % Nip Roller Tension/Speed,948789-02,e762b20a-a8f8-4fc9-826c-59bcf34b52d7,d77b8dea-679d-413d-a0e2-667f527c25f1,None,Tube,Sheet1,60.0,360.0,3.0
950411,2025-08-05,HELIMODS,2025-09-05,T450200BLCI - 15KG.xlsx,T450200BLCI - 15KG,T1200100-25KG - LD CLEAR POLY TUBE 1200MM X 114M X 100UM ; 25KG/ROLL ; $/ROLL (UOM = ROLL),True,T1200200BTCI,25KG,c9e1d103-871b-4720-852a-51ee3f1e228a,0,"customer_partial,item_code_matches_description_second_token,qty_rolls_close_1pct,line_requires_job_sheet",158.0,matched,,Extruder Start Time Screw Speed Nip Speed Blower % Nip Roller Tension/Speed,947260,245c7759-71ab-4e5a-bd69-5dc0e2486eb3,7bae8d9d-0901-4a3e-9dc1-f637de29699a,None,Tube,Sheet1,100.0,225.0,4.0
936944,2026-03-04,SEDL,2020-05-03,T470200 - 10KG.xlsx,T470200 - 10KG,T470200-10KG - L/D NATURAL POLY TUBE 470MM X 200UM 10KG ROLL $/KG (UOM = kg),True,T470200,10KG,b40ab29d-7df6-4f43-b366-73525f8e1e8f,1,"customer_partial,item_matches_description_prefix,item_code_matches_description_second_token,line_requires_job_sheet",268.0,matched,,Extruder Start Time Screw Speed Nip Speed Blower % Nip Roller Tension/Speed,948427,9c800d9b-15d3-458c-895c-9e9a530b8ff0,7b73b9fb-f0c3-4ac6-a742-eefef70c5e26,None,Tube,Sheet1,50.0,287.23404255319156,5.0
936944,2020-04-03,SEDL,2020-05-03,T480100 - 25KG.xlsx,T480100 - 25KG,T480100 - L/D NATURAL POLY TUBE 480MM X 282MTS X 100UM 25KG/ROLL $/ROLL (UOM = ROLL),True,T480100,25KG,142669ce-6d80-4d49-93cc-c785b6872971,0,"item_matches_description_prefix,item_code_matches_description_token,line_requires_job_sheet",198.0,matched,,Extruder Start Time Screw Speed Nip Speed Blower % Nip Roller Tension/Speed,943652,6392d795-4182-4d67-a2f3-bfa1b817d90a,a86dbe76-8682-4957-b421-26c70f030fbd,None,Tube,Sheet1,125.0,1406.25,5.0
939816,2021-03-18,KAWANA SIGNS,,T500100 - 25KG.xlsx,T500100 - 25KG,"T650G30 (25KG) - L/D POLYTUBE 650G(550+100)30UM, 25KG/ROLL, $PERKG (UOM = kg)",True,T500100,25KG,1f248281-d4f2-4e54-8891-c8165f05fc5f,0,"customer_exact,item_code_matches_description_second_token,line_requires_job_sheet",153.0,matched,,Extruder Start Time Screw Speed Nip Speed Blower % Nip Roller Tension/Speed,943808,bc12d58f-1da1-4af0-89bf-6f990b718688,b7ba5130-06d9-4ee6-9f0e-0c3980da6782,None,Tube,Sheet1,50.0,540.0,2.0
938297,2020-09-03,PILLOW TALK,2020-05-03,T50060 - 10KG.xlsx,T50060 - 10KG,"T18580PV(10kg) - LD NATURAL POLYTUBE VENTED & PRINTED ""KILARGO"" 185MM X 80UM  10kg/ROLL  $/ROLL (UOM = ROLL)   - (Customer Part # layflat large)",True,T50060,10KG,90c0a963-b21c-4af3-9b12-6b53cab6adaa,0,"item_code_matches_description_second_token,qty_rolls_close_1pct,line_requires_job_sheet",138.0,matched,,Extruder Start Time Screw Speed Nip Speed Blower % Nip Roller Tension/Speed,946911,5d7feb39-ba83-4b20-a68e-5410faeb0852,c9c6f94b-e6df-4e4e-85de-2a7f847c8c87,None,Tube,Sheet1,150.0,2700.0,15.0
947796,2024-05-15,ZONE RV,2024-05-22,T50200-5KG .xlsx,T50200-5KG ,T50200 - 3KG ROLL - LD CLEAR POLY TUBE 50MM (LAYFLAT WIDTH) X 147M X 200UM 3KG;/ROLL;$/ROLL (UOM = ROLL),True,T50200FALSE,3KG,d9327ef5-7fe4-48d8-ad7e-acdba6a1ff27,0,"customer_exact,item_code_matches_description_second_token,qty_rolls_close_1pct,line_requires_job_sheet",173.0,matched,,Extruder Start Time Screw Speed Nip Speed Blower % Nip Roller Tension/Speed,947796,e1369a54-6679-4359-8199-17193d9d75f3,37196ff2-a6c9-4a63-80ad-1c1116fb1601,None,Tube,Sheet1,45.0,2430.0,15.0
950694,2025-10-08,POWER SAFE,,T600100 - 25KG(AutoRecovered).xlsx,T600100 - 25KG(AutoRecovered),T600100BK - (25KG) - LD BLACK POLY TUBE 600MM X 225M X 100UM;25KG/ROLL;$/ROLL (UOM = ROLL),True,T600100,25KG,d2974065-bc26-4113-9300-d52a899c8069,2,"item_matches_description_prefix,item_code_matches_description_second_token,line_requires_job_sheet",248.0,matched,,Extruder Start Time Screw Speed Nip Speed Blower % Nip Roller Tension/Speed,949398,9983a18b-f9d5-49fd-8094-d4fe614377fd,040008b5-f204-44c9-a677-b517ba851d2a,None,Tube,Sheet1,50.0,450.0,2.0
949407,2025-10-09,EXCUTIVE DISTRIBUTORS,2025-03-26,T600100 - 25KG.xlsx,T600100 - 25KG,T600100-20KG - LD CLEAR POLY TUBE 600MM X 100 UM;20KGROLL/$/ROLL (UOM = ROLL),True,T600100,20KG,0138fb36-70ce-4c2a-b2a5-9df91da28fa6,0,"item_matches_description_prefix,item_code_matches_description_second_token,line_requires_job_sheet",248.0,matched,,Extruder Start Time Screw Speed Nip Speed Blower % Nip Roller Tension/Speed,946466,a4ff074f-8ce8-42e5-bd19-07d0498f2e4a,979d7ea6-3b89-419f-aa56-de13c4346b28,None,Tube,Sheet1,120.0,1080.0,6.0
949064,2025-03-25,HELIMODS,,T600200BLCI - 25KG.xlsx,T600200BLCI - 25KG,T1200100-25KG - LD CLEAR POLY TUBE 1200MM X 114M X 100UM ; 25KG/ROLL ; $/ROLL (UOM = ROLL),True,T600200BTCI,25KG,c9e1d103-871b-4720-852a-51ee3f1e228a,0,"customer_partial,item_code_matches_description_second_token,qty_rolls_close_1pct,line_requires_job_sheet",158.0,matched,,Extruder Start Time Screw Speed Nip Speed Blower % Nip Roller Tension/Speed,947260,245c7759-71ab-4e5a-bd69-5dc0e2486eb3,7bae8d9d-0901-4a3e-9dc1-f637de29699a,None,Tube,Sheet1,100.0,450.0,4.0
945342,2023-03-29,PROPAC,2023-04-29,T60032 - 10KG.xlsx,T60032 - 10KG,T60032 - L/D NATURAL POLY TUBE 620MM X 32UM $/KG 10KG ROLL (UOM = kg),True,T60032,10KG,aa4647b6-e770-40c1-88ad-8f82d0c317df,0,"item_matches_description_prefix,item_code_matches_description_token,line_requires_job_sheet",198.0,matched,,Extruder Start Time Screw Speed Nip Speed Blower % Nip Roller Tension/Speed,945342,96aece5e-8fe9-4ca6-adaa-e9bb7d918b32,3a5597e2-1b21-4969-baeb-fad4c582892a,None,Tube,Sheet1,250.0,7031.25,25.0
950203,2025-07-10,SEDL,2025-07-20,T650G30 - 25KG.xlsx,T650G30 - 25KG,T65040-25KG - L/D NATURAL POLY TUBE 650MM X 40UM 25KG ROLL $ PER KG (UOM = kg)   - (Customer Part # 10032247),True,T650,25KG,ddbd6fae-02e1-491c-b38c-c949f20e78b8,0,"customer_partial,item_matches_description_prefix,item_code_matches_description_second_token,line_requires_job_sheet",268.0,matched,,Extruder Start Time Screw Speed Nip Speed Blower % Nip Roller Tension/Speed,950203,e7c872c6-a8b8-47ef-bd70-0d18cbb3072f,1fa20319-d54d-403d-b278-c8cfda18ab0b,None,Tube,Sheet1,100.0,2076.923076923077,4.0
944529,2022-11-10,PROPAC,,T710200BK - 25KG.xlsx,T710200BK - 25KG,S40075- 25KG (2PBPSC) - L/D NATURAL POLY SHEET 400MM X 902MTRS X 75UM ;  25KG/ROLL $/ROLL (TRIPLE M CODE: 2PBPSC) (UOM = ROLL)   - (Customer Part # 2PBPSC),True,T710200BK,25KG,e5792865-ad04-45dd-b758-b0dde7885279,0,"item_code_matches_description_second_token,qty_rolls_close_1pct,line_requires_job_sheet",138.0,matched,,Extruder Start Time Screw Speed Nip Speed Blower % Nip Roller Tension/Speed,951380,3fcadbc4-64c6-421f-a642-d209365e2e90,e8aba115-aa2a-404e-b3c7-caa49f80e271,None,Tube,Sheet1,150.0,570.4225352112677,6.0
946414,2023-08-30,BLACKWOODS,2023-09-30,T750200 - 20KG BLACKWOODS.xlsx,T750200 - 20KG BLACKWOODS,T750200-20KG - LD CLEAR POLY TUBE 750MM X 72M X 200UM; 20KG/ROLL;$/ROLL (UOM = ROLL),True,T750200,20KG,a0a9a47c-53ef-400d-ba07-afd51daf9f3e,0,"customer_exact,item_matches_description_prefix,item_code_matches_description_second_token,qty_rolls_close_1pct,line_requires_job_sheet",303.0,matched,,Extruder Start Time Screw Speed Nip Speed Blower % Nip Roller Tension/Speed,946414,8832625d-03bb-4fe3-9084-dca46214bb63,be47e033-f6c5-46e3-b707-a45a10526060,None,Tube,Sheet1,500.0,1800.0,25.0
939287,,DAYWALK,,T750200UVCI - 10KG - DAYWALK.xlsx,T750200UVCI - 10KG - DAYWALK,"T200150PUVCI - 12-TUC200/150/10 - L/D NATURAL POLY TUBE PRINTED ORANGE ""DAYWALK"" 8%UV 5%CI 200MM X 150UM X 180MTS 10KG/ROLL $/ROLL (UOM = ROLL)",True,T750200UVCI,10KG,070d42d8-6e38-46c2-8d3a-5254bb9509b9,0,"customer_exact,item_code_matches_description_token,qty_rolls_close_1pct,line_requires_job_sheet",123.0,matched,,Extruder Start Time Screw Speed Nip Speed Blower % Nip Roller Tension/Speed,946606,edcfca21-7a34-4479-b892-f9492a26ead5,1dede10b-c880-4b08-8945-ac50060588ce,Registered Print,Tube,Sheet1,120.0,432.0,12.0
951491,2026-02-13,AUST MARINE,,T75050 - 10KG.xlsx,T75050 - 10KG,T60075 (25KG) - L/D NATURAL POLY TUBE 600MM X 300 X 75UM $/KG (UOM = kg),True,T75050FALSEUV,25KG,29bd619c-b775-47db-9cd6-b75b18c99dc9,0,"customer_exact,item_code_matches_description_second_token,line_requires_job_sheet",153.0,matched,,Extruder Start Time Screw Speed Nip Speed Blower % Nip Roller Tension/Speed,951566,d448e2c6-de3f-4566-8ff2-207c5d456b9c,7b6228a9-ad11-4e73-94a8-cac47194a12d,None,Tube,Sheet1,125.0,1800.0,5.0
949643,2025-03-31,FROMM PACKAGING,2025-04-21,T760100 - 20KG.xlsx,T760100 - 20KG,T760100 (20KG) - L/D NATURAL POLY TUBE 760MM X 142M X 100UM; 20KG/ROLL $/ROLL (UOM = ROLL),True,T760100,20KG,12a6a1ae-86b1-4d83-83c3-a7cb84311330,0,"customer_partial,item_matches_description_prefix,item_code_matches_description_second_token,qty_rolls_close_1pct,line_requires_job_sheet",288.0,matched,,Extruder Start Time Screw Speed Nip Speed Blower % Nip Roller Tension/Speed,949643,793db3b2-2691-4a37-a12d-d981b092001f,26c45c86-e506-434b-8b7c-2c79d8dbae91,None,Tube,Sheet1,120.0,852.6315789473684,6.0
942455,2022-02-09,PROPAC,,T760200BK - 25KG.xlsx,T760200BK - 25KG,T760200BK - L/D BLACK POLY TUBE 760MM X 200UM X 88MTS 25KG/ROLL PRICE PER ROLL (UOM = ROLL),True,T760200BK,25KG,f2645a85-79e5-421a-882a-65672622822e,3,"item_matches_description_prefix,item_code_matches_description_token,line_requires_job_sheet",198.0,matched,,Extruder Start Time Screw Speed Nip Speed Blower % Nip Roller Tension/Speed,944107,7eca637a-99e2-4f03-9950-52e018114433,e8ab48df-6287-4ab5-a009-42bf0d3ea0d6,None,Tube,Sheet1,125.0,444.0789473684211,5.0
SAMPLE,2020-04-30,SIMX,,T8075BKFL - 5KG.xlsx,T8075BKFL - 5KG,PBR690G46035 5KG PRAWN - 5KG PRAWN BAG 161B L/D NATURAL POLY BAG 690MM GUSSET (390+300) X 460MM X 35UM 500/ROLL $/ROLL (UOM = ROLL),True,T8075BKFL,5KG,ecf2c53f-8d28-4644-8885-0dd76cf5865e,1,"item_code_matches_description_second_token,qty_rolls_close_1pct,line_requires_job_sheet",138.0,matched,,Extruder Start Time Screw Speed Nip Speed Blower % Nip Roller Tension/Speed,943956,fd84c3b5-28e3-4f43-bc51-4acc70212560,4196f88e-4926-4c35-b335-76f8559df021,None,Tube,Sheet1,5.0,450.0,1.0
946382,,SPEEDWAY PANELS,,T92060 - SPEEDWAY.xlsx,T92060 - SPEEDWAY,T92060 - L/D CLEAR POLY TUBE 920MM X 245MM X 60UM;25KG/ROLL;$/ROLL (UOM = ROLL),True,T92060,25KG,fe6aefda-35c5-466a-a611-1f2af081b53d,0,"customer_partial,item_matches_description_prefix,item_code_matches_description_token,qty_rolls_close_1pct,line_requires_job_sheet",238.0,matched,,Extruder Start Time Screw Speed Nip Speed Blower % Nip Roller Tension/Speed,946382,0d7c624e-d025-4741-aac6-3f7e2059e9ca,8965cec3-bb0b-4919-a366-27c5bc24332b,None,Tube,Sheet1,100.0,978.2608695652174,4.0
947719,2024-04-26,OPAL PACKAGING,2024-05-17,pb25045050.xlsx,pb25045050,PB250450200 - LD CLEAR POLY BAG 250MM X 450MM  X 200UM;100/CTN;$/THOU (UOM = THOU),True,PB250450200,Batch No,500c619d-07f1-4bdd-9c19-d3db0fc4982c,0,"customer_partial,item_matches_description_prefix,line_requires_job_sheet",158.0,matched,,Extruder Start Time Screw Speed Nip Speed Blower % Nip Roller Tension/Speed,947719,e76a83f3-ee29-466b-ac8f-348c4c24d0b7,8aa3347e-d984-43b5-9179-e82069542366,None,,Sheet1,112.5,1215.0,5.0
